{"type":"FeatureCollection","features":[{"type":"Feature","properties":{"name":"Montezuma","huc8":"14080203"},"geometry":{"type":"Polygon","coordinates":[[[-109.31217,37.98134],[-109.31487,37.98239],[-109.31557,37.98025],[-109.31553,37.97681],[-109.31668,37.97474],[-109.31978,37.97339],[-109.32551,37.96802],[-109.32886,37.96679],[-109.32923,37.96534],[-109.33191,37.96515],[-109.33436,37.96349],[-109.33626,37.96344],[-109.33858,37.96165],[-109.33951,37.95783],[-109.34151,37.95791],[-109.34305,37.95676],[-109.34572,37.95605],[-109.34697,37.95441],[-109.34974,37.95311],[-109.3533,37.95289],[-109.35531,37.95504],[-109.35841,37.95482],[-109.36333,37.95724],[-109.36509,37.95625],[-109.36666,37.95644],[-109.36982,37.95546],[-109.37467,37.95282],[-109.3809,37.95593],[-109.39064,37.95005],[-109.39308,37.94653],[-109.40102,37.9437],[-109.40287,37.94023],[-109.42623,37.92599],[-109.43153,37.92413],[-109.43382,37.92526],[-109.43714,37.92488],[-109.44729,37.91938],[-109.45194,37.918],[-109.46369,37.91215],[-109.47085,37.90601],[-109.47287,37.90516],[-109.47268,37.90214],[-109.4712,37.90002],[-109.47149,37.89766],[-109.4681,37.89731],[-109.47091,37.89214],[-109.47205,37.89124],[-109.47357,37.88741],[-109.4755,37.88511],[-109.4838,37.88253],[-109.48855,37.87831],[-109.48996,37.87565],[-109.49253,37.87439],[-109.49364,37.87459],[-109.49566,37.87214],[-109.49581,37.87032],[-109.49496,37.86842],[-109.49581,37.86598],[-109.4952,37.86307],[-109.49607,37.86139],[-109.49481,37.8567],[-109.49037,37.85729],[-109.47877,37.86069],[-109.47417,37.85992],[-109.47182,37.85281],[-109.47255,37.84649],[-109.47572,37.84433],[-109.47482,37.84125],[-109.47157,37.8412],[-109.4685,37.83916],[-109.46759,37.83745],[-109.46815,37.8352],[-109.46721,37.83237],[-109.46491,37.83035],[-109.46401,37.82863],[-109.4649,37.82747],[-109.46522,37.82483],[-109.46332,37.82366],[-109.4618,37.82133],[-109.45977,37.81981],[-109.45969,37.81764],[-109.45753,37.81391],[-109.45735,37.81141],[-109.46135,37.8098],[-109.4653,37.80905],[-109.46733,37.80759],[-109.46681,37.80272],[-109.46092,37.79425],[-109.45502,37.79167],[-109.45375,37.78765],[-109.45107,37.78477],[-109.44781,37.78322],[-109.44526,37.78012],[-109.44184,37.779],[-109.43993,37.77762],[-109.43946,37.77592],[-109.43649,37.77298],[-109.43226,37.77083],[-109.42704,37.7698],[-109.42532,37.76825],[-109.42458,37.76582],[-109.42298,37.76513],[-109.42169,37.76248],[-109.41967,37.76051],[-109.41919,37.75619],[-109.41539,37.75389],[-109.41431,37.75258],[-109.41399,37.74965],[-109.41479,37.74697],[-109.41436,37.74382],[-109.4154,37.74208],[-109.415,37.73963],[-109.41433,37.73837],[-109.41221,37.73731],[-109.41185,37.73526],[-109.40638,37.73013],[-109.40759,37.72677],[-109.40732,37.72347],[-109.40545,37.72089],[-109.40435,37.71641],[-109.40066,37.71393],[-109.39964,37.70993],[-109.4003,37.70594],[-109.39911,37.70329],[-109.39668,37.70028],[-109.39617,37.69604],[-109.39445,37.69313],[-109.39624,37.68957],[-109.39608,37.68676],[-109.39713,37.68466],[-109.39757,37.67789],[-109.40048,37.66866],[-109.39961,37.66562],[-109.39946,37.66026],[-109.39853,37.65889],[-109.39751,37.65285],[-109.39533,37.65009],[-109.39568,37.64864],[-109.39401,37.64458],[-109.39343,37.63913],[-109.39157,37.63754],[-109.38961,37.6327],[-109.38688,37.63272],[-109.38605,37.63232],[-109.38552,37.63095],[-109.38513,37.62389],[-109.38589,37.62026],[-109.37917,37.61192],[-109.37541,37.61082],[-109.37586,37.60901],[-109.37539,37.60645],[-109.37951,37.59914],[-109.37892,37.59394],[-109.37949,37.58566],[-109.37893,37.58351],[-109.38048,37.57853],[-109.3789,37.57567],[-109.37884,37.57316],[-109.37789,37.5711],[-109.37645,37.5701],[-109.37363,37.56949],[-109.37177,37.56802],[-109.37345,37.56336],[-109.37312,37.55618],[-109.3752,37.5552],[-109.37851,37.55064],[-109.37896,37.54878],[-109.3786,37.54556],[-109.37995,37.54357],[-109.37485,37.53285],[-109.3729,37.5311],[-109.37267,37.53006],[-109.37041,37.52852],[-109.37274,37.52694],[-109.37532,37.52371],[-109.37866,37.51532],[-109.38125,37.51147],[-109.38104,37.50905],[-109.37961,37.50615],[-109.38058,37.50451],[-109.37857,37.50252],[-109.37387,37.5],[-109.37023,37.49643],[-109.36865,37.49581],[-109.3687,37.49434],[-109.36461,37.49167],[-109.36332,37.48935],[-109.36115,37.48886],[-109.35947,37.49013],[-109.35752,37.49043],[-109.35702,37.48705],[-109.35818,37.48352],[-109.35809,37.48195],[-109.35609,37.48133],[-109.35496,37.47948],[-109.34986,37.47873],[-109.34855,37.478],[-109.34719,37.47823],[-109.3475,37.47585],[-109.34631,37.47011],[-109.34286,37.46937],[-109.34342,37.46658],[-109.34163,37.46514],[-109.33987,37.46498],[-109.34044,37.46373],[-109.33963,37.46048],[-109.33443,37.4567],[-109.3316,37.45229],[-109.33319,37.44009],[-109.33229,37.43456],[-109.33101,37.43294],[-109.33292,37.42858],[-109.33659,37.42361],[-109.33621,37.42176],[-109.33448,37.41973],[-109.33416,37.41604],[-109.33767,37.40953],[-109.34062,37.40162],[-109.33996,37.39575],[-109.3407,37.39487],[-109.34075,37.39124],[-109.33922,37.38904],[-109.33897,37.38652],[-109.33997,37.38463],[-109.34212,37.38336],[-109.34332,37.37693],[-109.34199,37.37228],[-109.34405,37.36307],[-109.34461,37.36171],[-109.34756,37.36005],[-109.34935,37.35782],[-109.34939,37.35193],[-109.35131,37.3502],[-109.3519,37.34864],[-109.34972,37.34107],[-109.34887,37.34084],[-109.34931,37.33979],[-109.34891,37.33822],[-109.34566,37.33445],[-109.34589,37.33318],[-109.34461,37.33157],[-109.34469,37.33061],[-109.34728,37.32681],[-109.34259,37.32673],[-109.33913,37.3241],[-109.33418,37.32543],[-109.33059,37.32464],[-109.33196,37.32],[-109.32969,37.3147],[-109.33015,37.31306],[-109.32775,37.31042],[-109.33036,37.30722],[-109.33559,37.30803],[-109.33708,37.30742],[-109.3387,37.30641],[-109.33909,37.30455],[-109.3409,37.303],[-109.3422,37.29918],[-109.34205,37.29422],[-109.34291,37.29336],[-109.34258,37.29048],[-109.34176,37.28901],[-109.34336,37.2836],[-109.34274,37.28205],[-109.3408,37.28116],[-109.3381,37.28224],[-109.33047,37.2816],[-109.32998,37.27741],[-109.33178,37.27227],[-109.33189,37.26938],[-109.32471,37.27141],[-109.31562,37.26665],[-109.30825,37.26591],[-109.30378,37.26619],[-109.30233,37.26784],[-109.30206,37.26859],[-109.30309,37.26932],[-109.30168,37.27338],[-109.30192,37.27447],[-109.30029,37.27541],[-109.29789,37.27467],[-109.29435,37.27639],[-109.28873,37.27471],[-109.28414,37.27764],[-109.28076,37.27785],[-109.27764,37.28046],[-109.27097,37.28191],[-109.26893,37.28292],[-109.26685,37.28326],[-109.26457,37.28161],[-109.26213,37.28158],[-109.26142,37.28338],[-109.26129,37.28801],[-109.25927,37.28947],[-109.25888,37.29094],[-109.25734,37.29267],[-109.25864,37.29702],[-109.25815,37.29787],[-109.25501,37.29914],[-109.25092,37.29971],[-109.24936,37.29677],[-109.24566,37.29576],[-109.24433,37.29734],[-109.24289,37.2978],[-109.24172,37.29974],[-109.24027,37.30754],[-109.23951,37.30837],[-109.22823,37.31086],[-109.22614,37.31155],[-109.22414,37.3131],[-109.22038,37.31257],[-109.21901,37.31388],[-109.21875,37.31598],[-109.21767,37.31693],[-109.21707,37.31906],[-109.21479,37.31786],[-109.21371,37.31796],[-109.20501,37.32418],[-109.19712,37.32649],[-109.19454,37.32862],[-109.18951,37.32915],[-109.18327,37.32725],[-109.17298,37.33403],[-109.17061,37.33417],[-109.16373,37.33295],[-109.16021,37.33151],[-109.15529,37.32759],[-109.15266,37.32652],[-109.15118,37.32394],[-109.15025,37.32344],[-109.14669,37.32365],[-109.14084,37.32558],[-109.13307,37.32388],[-109.13224,37.32476],[-109.1327,37.32763],[-109.13095,37.33236],[-109.13241,37.34482],[-109.13013,37.34839],[-109.1227,37.35603],[-109.12045,37.36073],[-109.11718,37.36309],[-109.11277,37.37097],[-109.11288,37.37358],[-109.11413,37.37737],[-109.11262,37.38427],[-109.11251,37.38782],[-109.10756,37.38895],[-109.10456,37.39075],[-109.10308,37.39448],[-109.09278,37.40573],[-109.09213,37.40889],[-109.08986,37.41264],[-109.08551,37.41316],[-109.08312,37.41245],[-109.07966,37.41367],[-109.07653,37.41325],[-109.07053,37.4146],[-109.06648,37.41481],[-109.06391,37.41778],[-109.05313,37.42393],[-109.04532,37.42458],[-109.03856,37.42421],[-109.03491,37.42555],[-109.02527,37.43096],[-109.01443,37.43384],[-109.0069,37.43693],[-108.99841,37.43773],[-108.99821,37.44102],[-108.9952,37.44553],[-108.99601,37.45011],[-108.99355,37.45669],[-108.98844,37.45935],[-108.9857,37.4617],[-108.9841,37.46682],[-108.97888,37.46882],[-108.97214,37.46931],[-108.96878,37.47326],[-108.96474,37.47673],[-108.96323,37.4803],[-108.96303,37.48304],[-108.95726,37.48929],[-108.95521,37.497],[-108.95114,37.50132],[-108.95122,37.50563],[-108.9505,37.50922],[-108.94507,37.52153],[-108.94062,37.52302],[-108.93917,37.52787],[-108.93765,37.52924],[-108.92052,37.53806],[-108.91056,37.54134],[-108.90166,37.54294],[-108.8995,37.54246],[-108.89679,37.54283],[-108.88717,37.54657],[-108.88203,37.54932],[-108.87537,37.54843],[-108.87311,37.5488],[-108.87055,37.55054],[-108.86475,37.55665],[-108.86124,37.55794],[-108.85829,37.56532],[-108.8581,37.5695],[-108.85493,37.572],[-108.85268,37.57095],[-108.85004,37.57268],[-108.84849,37.57789],[-108.84436,37.57847],[-108.84156,37.57698],[-108.83549,37.57729],[-108.83385,37.57852],[-108.83338,37.57981],[-108.82999,37.58119],[-108.82711,37.5814],[-108.82292,37.58619],[-108.82081,37.5865],[-108.81893,37.58576],[-108.81717,37.58607],[-108.81277,37.58541],[-108.80972,37.579],[-108.80727,37.57766],[-108.80465,37.57871],[-108.80322,37.57747],[-108.80023,37.57778],[-108.79842,37.57967],[-108.79677,37.57935],[-108.79498,37.5809],[-108.7926,37.57983],[-108.792,37.58011],[-108.79145,37.58276],[-108.78832,37.58434],[-108.78648,37.58453],[-108.78463,37.58747],[-108.77938,37.59115],[-108.77729,37.59544],[-108.77396,37.59835],[-108.772,37.59884],[-108.77136,37.59805],[-108.77164,37.59542],[-108.77057,37.59458],[-108.77053,37.59262],[-108.76903,37.59101],[-108.76751,37.59138],[-108.75983,37.59074],[-108.75918,37.59213],[-108.75827,37.59208],[-108.75601,37.59714],[-108.75162,37.59991],[-108.7517,37.60253],[-108.7512,37.6032],[-108.74678,37.60229],[-108.74538,37.6026],[-108.74281,37.60455],[-108.7449,37.60603],[-108.74746,37.61027],[-108.75079,37.61195],[-108.75246,37.61187],[-108.75002,37.62277],[-108.74666,37.62568],[-108.75033,37.62617],[-108.75365,37.62767],[-108.75394,37.62906],[-108.75546,37.63046],[-108.75561,37.63633],[-108.75822,37.63797],[-108.75923,37.64407],[-108.75721,37.64907],[-108.75884,37.6552],[-108.75537,37.66455],[-108.75385,37.66684],[-108.74893,37.66997],[-108.74817,37.67151],[-108.74904,37.6738],[-108.7508,37.67448],[-108.75599,37.67407],[-108.76035,37.67475],[-108.76188,37.67567],[-108.76273,37.68026],[-108.76743,37.68652],[-108.76737,37.68923],[-108.76926,37.69178],[-108.77166,37.69808],[-108.77311,37.69991],[-108.77198,37.70551],[-108.7711,37.70698],[-108.77319,37.71313],[-108.77264,37.7184],[-108.77507,37.72067],[-108.77492,37.72233],[-108.77298,37.72503],[-108.77173,37.7283],[-108.77201,37.73428],[-108.77306,37.73839],[-108.77125,37.74169],[-108.77087,37.74478],[-108.76971,37.74566],[-108.76978,37.74701],[-108.76621,37.74846],[-108.76555,37.75318],[-108.76382,37.75751],[-108.75732,37.76302],[-108.75751,37.76382],[-108.76177,37.76567],[-108.76403,37.76456],[-108.76812,37.76529],[-108.76883,37.76712],[-108.77274,37.77043],[-108.77366,37.77307],[-108.77515,37.77445],[-108.77513,37.77612],[-108.77603,37.77768],[-108.78161,37.78048],[-108.78219,37.78196],[-108.78099,37.78463],[-108.78291,37.78739],[-108.78527,37.787],[-108.78731,37.7878],[-108.78893,37.78681],[-108.79051,37.7791],[-108.79562,37.77734],[-108.79876,37.77165],[-108.79911,37.76932],[-108.80262,37.76512],[-108.80694,37.76494],[-108.81019,37.763],[-108.81454,37.75808],[-108.81799,37.75706],[-108.82356,37.76117],[-108.8267,37.76114],[-108.82808,37.76288],[-108.82835,37.76644],[-108.82896,37.76706],[-108.8304,37.7658],[-108.83242,37.7663],[-108.83675,37.76538],[-108.84157,37.7669],[-108.84428,37.76654],[-108.85578,37.77027],[-108.85765,37.77188],[-108.85765,37.77314],[-108.85952,37.77446],[-108.85988,37.7761],[-108.86127,37.77664],[-108.86294,37.77669],[-108.86623,37.7747],[-108.86952,37.77423],[-108.87352,37.77824],[-108.87528,37.77846],[-108.87805,37.78024],[-108.88055,37.78369],[-108.88028,37.78873],[-108.87901,37.79006],[-108.87846,37.79187],[-108.87764,37.79213],[-108.87948,37.7927],[-108.88277,37.7954],[-108.88362,37.80109],[-108.88288,37.80343],[-108.88253,37.81044],[-108.87859,37.81422],[-108.87706,37.81351],[-108.87478,37.8138],[-108.8719,37.8163],[-108.8652,37.81717],[-108.86157,37.81935],[-108.85933,37.82161],[-108.85585,37.82297],[-108.85512,37.82481],[-108.85521,37.82722],[-108.8495,37.83436],[-108.85058,37.83774],[-108.84998,37.84194],[-108.84608,37.84741],[-108.83626,37.85247],[-108.83205,37.85601],[-108.828,37.85786],[-108.82776,37.85881],[-108.82911,37.8599],[-108.82978,37.86237],[-108.83226,37.86558],[-108.83198,37.86663],[-108.83498,37.86882],[-108.83665,37.87129],[-108.83762,37.87517],[-108.83743,37.87814],[-108.83807,37.87931],[-108.83652,37.88487],[-108.83768,37.8864],[-108.83314,37.89156],[-108.83547,37.89669],[-108.8354,37.89892],[-108.83388,37.90368],[-108.83193,37.90553],[-108.83212,37.90622],[-108.83116,37.90735],[-108.83468,37.90825],[-108.83504,37.90978],[-108.83669,37.91065],[-108.83576,37.91181],[-108.83564,37.91597],[-108.83785,37.91574],[-108.84074,37.91703],[-108.84537,37.91741],[-108.84724,37.91839],[-108.84935,37.91811],[-108.85184,37.91604],[-108.85297,37.91357],[-108.85544,37.91343],[-108.85598,37.91214],[-108.85746,37.91204],[-108.8618,37.91535],[-108.86136,37.91925],[-108.86476,37.92545],[-108.8666,37.9268],[-108.86688,37.9318],[-108.87109,37.93116],[-108.87411,37.92766],[-108.87983,37.92561],[-108.8835,37.92455],[-108.88892,37.92449],[-108.89416,37.92355],[-108.90127,37.92579],[-108.90063,37.9274],[-108.90405,37.9307],[-108.90335,37.93306],[-108.9048,37.93564],[-108.90693,37.93707],[-108.90821,37.9364],[-108.90922,37.93424],[-108.91345,37.93132],[-108.91626,37.93072],[-108.92182,37.92804],[-108.92654,37.9247],[-108.9306,37.92516],[-108.93208,37.92607],[-108.93618,37.93387],[-108.9374,37.9342],[-108.94044,37.93124],[-108.94318,37.9273],[-108.94671,37.92667],[-108.95278,37.92087],[-108.95553,37.92055],[-108.95755,37.91954],[-108.95955,37.91591],[-108.9603,37.91201],[-108.96133,37.91016],[-108.96987,37.90768],[-108.97153,37.90771],[-108.97525,37.90899],[-108.97799,37.91116],[-108.98015,37.91036],[-108.98194,37.91106],[-108.98301,37.91251],[-108.98321,37.91408],[-108.98145,37.91773],[-108.98168,37.91954],[-108.98465,37.92078],[-108.98858,37.92128],[-108.98927,37.92244],[-108.98856,37.92529],[-108.99432,37.93256],[-108.99713,37.93442],[-108.99866,37.93359],[-108.99987,37.93552],[-109.00286,37.93757],[-109.00303,37.93903],[-109.00107,37.9425],[-109.00117,37.94331],[-109.00249,37.94443],[-109.00084,37.94984],[-109.0009,37.95447],[-109.00284,37.95841],[-109.00221,37.96152],[-109.0036,37.96238],[-109.00529,37.96127],[-109.0136,37.95902],[-109.01726,37.95491],[-109.021,37.95478],[-109.0219,37.95387],[-109.02485,37.95378],[-109.02739,37.95472],[-109.02921,37.95631],[-109.03227,37.95464],[-109.03276,37.95319],[-109.03147,37.94948],[-109.03275,37.94552],[-109.03026,37.94087],[-109.03338,37.93537],[-109.0339,37.93182],[-109.0351,37.93089],[-109.03806,37.93202],[-109.04079,37.93022],[-109.04369,37.92936],[-109.0438,37.92496],[-109.04725,37.92167],[-109.05033,37.92178],[-109.05317,37.92284],[-109.05492,37.91978],[-109.05857,37.91792],[-109.06087,37.9175],[-109.06418,37.91967],[-109.06773,37.91864],[-109.07306,37.91892],[-109.08273,37.92134],[-109.08777,37.91932],[-109.08947,37.91737],[-109.09236,37.91619],[-109.09471,37.91691],[-109.10372,37.91644],[-109.10865,37.91223],[-109.12093,37.90849],[-109.12124,37.90661],[-109.12221,37.90541],[-109.12652,37.90341],[-109.12943,37.90114],[-109.12967,37.89652],[-109.13134,37.89369],[-109.13327,37.89304],[-109.13358,37.89031],[-109.13765,37.88586],[-109.14191,37.88512],[-109.14371,37.88262],[-109.14984,37.88279],[-109.15287,37.88146],[-109.15775,37.88097],[-109.16464,37.8811],[-109.16468,37.87818],[-109.16601,37.87707],[-109.17037,37.87662],[-109.17137,37.87692],[-109.17293,37.87905],[-109.17617,37.88019],[-109.17634,37.88307],[-109.17962,37.8822],[-109.19136,37.88327],[-109.19733,37.88582],[-109.20461,37.88744],[-109.20459,37.8905],[-109.20798,37.89557],[-109.20809,37.89694],[-109.21016,37.89837],[-109.21096,37.90049],[-109.21588,37.90365],[-109.21963,37.90428],[-109.22135,37.9008],[-109.22345,37.89925],[-109.22662,37.89877],[-109.2278,37.90159],[-109.23113,37.90248],[-109.23191,37.90408],[-109.23479,37.9058],[-109.23613,37.9057],[-109.23959,37.9037],[-109.24149,37.90702],[-109.24411,37.90877],[-109.24365,37.91231],[-109.24687,37.91496],[-109.24746,37.91746],[-109.24908,37.91863],[-109.25229,37.91898],[-109.25145,37.92205],[-109.25269,37.9254],[-109.25187,37.92678],[-109.25536,37.9289],[-109.25698,37.93064],[-109.25852,37.93064],[-109.25929,37.92935],[-109.26123,37.92969],[-109.26368,37.92751],[-109.27123,37.92413],[-109.27883,37.92413],[-109.28013,37.92555],[-109.27764,37.92672],[-109.27356,37.93313],[-109.27434,37.93487],[-109.27448,37.9385],[-109.27244,37.94253],[-109.2728,37.94712],[-109.27095,37.95122],[-109.27109,37.95205],[-109.27392,37.95358],[-109.27524,37.95711],[-109.27806,37.96058],[-109.28145,37.96132],[-109.28394,37.96319],[-109.28589,37.96364],[-109.28704,37.96562],[-109.28912,37.96586],[-109.29245,37.96911],[-109.29626,37.96965],[-109.29913,37.97182],[-109.30252,37.97678],[-109.30906,37.9813],[-109.31217,37.98134]]]}},{"type":"Feature","properties":{"name":"Lower San Juan-Four Corners","huc8":"14080201"},"geometry":{"type":"Polygon","coordinates":[[[-109.7314,37.84229],[-109.73618,37.84689],[-109.73821,37.84762],[-109.74691,37.84395],[-109.74864,37.84269],[-109.75277,37.84251],[-109.75742,37.84033],[-109.76573,37.84079],[-109.77161,37.83826],[-109.77262,37.83539],[-109.77356,37.83474],[-109.78171,37.83315],[-109.78446,37.83203],[-109.78998,37.83155],[-109.78163,37.82286],[-109.78145,37.82147],[-109.78266,37.81922],[-109.7808,37.81799],[-109.78047,37.81524],[-109.77773,37.81547],[-109.77601,37.81654],[-109.77293,37.81604],[-109.77111,37.81298],[-109.77217,37.80784],[-109.77476,37.80678],[-109.77748,37.80152],[-109.78696,37.79335],[-109.78738,37.79099],[-109.78623,37.78952],[-109.78267,37.78786],[-109.7759,37.78303],[-109.77514,37.78014],[-109.77652,37.77778],[-109.77246,37.77561],[-109.77314,37.77276],[-109.77295,37.7699],[-109.77117,37.76825],[-109.77,37.76303],[-109.76627,37.75752],[-109.76534,37.7539],[-109.76345,37.75213],[-109.76372,37.74988],[-109.76252,37.74568],[-109.75857,37.74231],[-109.75767,37.74068],[-109.76113,37.73703],[-109.76232,37.73462],[-109.76662,37.73037],[-109.76911,37.72932],[-109.77287,37.72943],[-109.7746,37.7278],[-109.77884,37.72616],[-109.78133,37.72447],[-109.79018,37.72297],[-109.79523,37.72475],[-109.80272,37.72367],[-109.80676,37.7221],[-109.80764,37.7207],[-109.80491,37.71985],[-109.80607,37.71633],[-109.80496,37.71234],[-109.80387,37.71124],[-109.8045,37.70978],[-109.80551,37.70914],[-109.80947,37.70829],[-109.81243,37.70918],[-109.81474,37.70687],[-109.81445,37.70497],[-109.81051,37.70169],[-109.80963,37.69859],[-109.8118,37.69596],[-109.81117,37.69263],[-109.81319,37.69164],[-109.81423,37.68685],[-109.81495,37.686],[-109.81508,37.68293],[-109.81772,37.67823],[-109.82091,37.67398],[-109.82821,37.66837],[-109.83166,37.66456],[-109.83396,37.66341],[-109.83735,37.6631],[-109.84129,37.65949],[-109.848,37.65089],[-109.84668,37.64862],[-109.84909,37.6469],[-109.85044,37.6473],[-109.8543,37.6467],[-109.85608,37.64506],[-109.85566,37.64428],[-109.85419,37.64388],[-109.85388,37.64137],[-109.85214,37.63958],[-109.85216,37.63603],[-109.85066,37.63436],[-109.84859,37.63357],[-109.84632,37.62999],[-109.84614,37.62793],[-109.84023,37.6254],[-109.83966,37.62101],[-109.83368,37.6179],[-109.83321,37.61621],[-109.8339,37.61538],[-109.83376,37.61434],[-109.83123,37.61166],[-109.83084,37.60553],[-109.83129,37.60286],[-109.82946,37.59948],[-109.83081,37.59527],[-109.82993,37.59278],[-109.82819,37.59112],[-109.82791,37.58959],[-109.82948,37.5874],[-109.83172,37.58611],[-109.83365,37.5832],[-109.8409,37.57959],[-109.84281,37.57998],[-109.84987,37.5793],[-109.8609,37.58038],[-109.85929,37.57638],[-109.85973,37.57275],[-109.85921,37.57174],[-109.86162,37.56715],[-109.86314,37.55918],[-109.86095,37.55213],[-109.8605,37.54889],[-109.86088,37.54518],[-109.8657,37.53742],[-109.86627,37.53492],[-109.87063,37.53212],[-109.87341,37.5268],[-109.87659,37.52575],[-109.87746,37.52273],[-109.87589,37.52115],[-109.87725,37.51927],[-109.87731,37.51351],[-109.88142,37.51303],[-109.88172,37.51189],[-109.88354,37.51076],[-109.88632,37.5063],[-109.88797,37.50509],[-109.88688,37.5041],[-109.88645,37.50123],[-109.88817,37.50001],[-109.89061,37.49567],[-109.89097,37.49172],[-109.89275,37.49045],[-109.89608,37.48941],[-109.89381,37.48567],[-109.89615,37.48237],[-109.8944,37.47772],[-109.89587,37.47529],[-109.89633,37.47253],[-109.89997,37.46902],[-109.90514,37.46726],[-109.90518,37.46286],[-109.91,37.45874],[-109.91103,37.45482],[-109.91285,37.45231],[-109.91243,37.44383],[-109.91398,37.44001],[-109.91261,37.4378],[-109.91373,37.43607],[-109.91309,37.42981],[-109.91429,37.42696],[-109.90519,37.42111],[-109.90446,37.41871],[-109.9079,37.41489],[-109.90943,37.41155],[-109.90898,37.40905],[-109.90939,37.40822],[-109.91125,37.40774],[-109.91823,37.40862],[-109.92124,37.41058],[-109.92338,37.41082],[-109.92535,37.40919],[-109.92532,37.40503],[-109.9199,37.40266],[-109.91913,37.40018],[-109.91551,37.40098],[-109.91214,37.40031],[-109.90648,37.39622],[-109.90046,37.39574],[-109.89386,37.39354],[-109.89108,37.3933],[-109.88719,37.38906],[-109.88401,37.38781],[-109.88004,37.38741],[-109.8782,37.38554],[-109.87404,37.38325],[-109.86769,37.38183],[-109.86346,37.37967],[-109.85951,37.3762],[-109.8546,37.37531],[-109.84885,37.37616],[-109.84357,37.37409],[-109.83771,37.37576],[-109.83321,37.37255],[-109.82919,37.37302],[-109.82692,37.37217],[-109.8242,37.3698],[-109.81965,37.36767],[-109.81973,37.36435],[-109.81898,37.36192],[-109.8156,37.36205],[-109.81015,37.35899],[-109.80793,37.35525],[-109.80272,37.3531],[-109.79887,37.34844],[-109.79465,37.34607],[-109.7909,37.34286],[-109.78937,37.34054],[-109.78345,37.33896],[-109.77976,37.33866],[-109.77764,37.3377],[-109.77506,37.33437],[-109.77338,37.32936],[-109.77115,37.32685],[-109.76993,37.32355],[-109.75922,37.3246],[-109.75808,37.32084],[-109.75599,37.32044],[-109.75495,37.3175],[-109.7512,37.31702],[-109.7519,37.31449],[-109.75315,37.3127],[-109.75213,37.31154],[-109.75162,37.30879],[-109.752,37.30576],[-109.75077,37.30339],[-109.75204,37.30156],[-109.74937,37.29956],[-109.75193,37.29724],[-109.75223,37.29462],[-109.75175,37.29368],[-109.74992,37.29271],[-109.74917,37.28873],[-109.74962,37.28721],[-109.74692,37.28665],[-109.74591,37.28487],[-109.74269,37.28212],[-109.74199,37.28222],[-109.74114,37.27603],[-109.73558,37.27288],[-109.73508,37.27089],[-109.73581,37.26523],[-109.73702,37.26363],[-109.73432,37.2625],[-109.73361,37.26142],[-109.7343,37.25833],[-109.7355,37.25706],[-109.73476,37.25601],[-109.73297,37.25535],[-109.73375,37.25423],[-109.73559,37.25404],[-109.73638,37.2527],[-109.73633,37.25117],[-109.7384,37.25008],[-109.73958,37.24613],[-109.73763,37.24379],[-109.73983,37.2391],[-109.73862,37.2368],[-109.73953,37.23657],[-109.74098,37.2334],[-109.73901,37.231],[-109.73906,37.22878],[-109.73805,37.22725],[-109.73383,37.22577],[-109.73082,37.21874],[-109.73081,37.21617],[-109.73359,37.21253],[-109.73653,37.21096],[-109.73704,37.20981],[-109.73672,37.20842],[-109.73456,37.20496],[-109.7319,37.20417],[-109.72574,37.20072],[-109.72356,37.2003],[-109.72024,37.20229],[-109.716,37.19959],[-109.71312,37.20234],[-109.71152,37.20493],[-109.70626,37.20781],[-109.70453,37.20786],[-109.70223,37.21171],[-109.70126,37.21177],[-109.69964,37.21057],[-109.69608,37.21325],[-109.6953,37.21272],[-109.68873,37.21263],[-109.68698,37.21204],[-109.6825,37.21258],[-109.68157,37.2118],[-109.68118,37.21017],[-109.67797,37.20759],[-109.67691,37.20461],[-109.67448,37.20472],[-109.67142,37.20113],[-109.67078,37.19877],[-109.67195,37.19692],[-109.67116,37.19342],[-109.67179,37.19008],[-109.67613,37.18442],[-109.68265,37.17932],[-109.6822,37.17717],[-109.68298,37.17484],[-109.68271,37.17228],[-109.67948,37.17116],[-109.67839,37.16994],[-109.67837,37.16491],[-109.67893,37.16379],[-109.68302,37.16283],[-109.68564,37.16005],[-109.68384,37.15602],[-109.68538,37.15405],[-109.68236,37.15374],[-109.6838,37.15061],[-109.68382,37.149],[-109.68445,37.14869],[-109.68441,37.14629],[-109.68296,37.14514],[-109.67992,37.14572],[-109.67841,37.14649],[-109.67724,37.1487],[-109.67551,37.14694],[-109.6747,37.14473],[-109.66649,37.14482],[-109.66565,37.14291],[-109.66614,37.1408],[-109.66424,37.13612],[-109.66191,37.13362],[-109.65611,37.12954],[-109.65347,37.12382],[-109.65445,37.12097],[-109.65497,37.11595],[-109.65616,37.1149],[-109.6584,37.11485],[-109.65624,37.11296],[-109.6568,37.10809],[-109.65603,37.10611],[-109.65852,37.10298],[-109.65667,37.10023],[-109.65723,37.09831],[-109.65648,37.09538],[-109.6545,37.09458],[-109.65223,37.09232],[-109.65075,37.08853],[-109.64563,37.08595],[-109.64701,37.08296],[-109.64303,37.08412],[-109.63355,37.0839],[-109.63273,37.08336],[-109.63176,37.07984],[-109.63213,37.07498],[-109.63099,37.07296],[-109.62622,37.07532],[-109.61937,37.07388],[-109.61935,37.07319],[-109.61736,37.07165],[-109.61816,37.07131],[-109.6174,37.06946],[-109.61541,37.06748],[-109.6126,37.06637],[-109.61302,37.06567],[-109.61234,37.06471],[-109.61002,37.06436],[-109.6129,37.05779],[-109.61109,37.05785],[-109.60966,37.05636],[-109.60861,37.05646],[-109.60903,37.05425],[-109.60796,37.05333],[-109.60468,37.05182],[-109.60282,37.05176],[-109.60193,37.0523],[-109.60212,37.05377],[-109.60016,37.05285],[-109.59813,37.0546],[-109.5954,37.0553],[-109.5947,37.0534],[-109.59575,37.0516],[-109.59578,37.04866],[-109.5956,37.04803],[-109.5935,37.04753],[-109.59236,37.0458],[-109.59361,37.04408],[-109.59358,37.04163],[-109.59163,37.04012],[-109.59069,37.0332],[-109.58869,37.03053],[-109.58674,37.02938],[-109.58048,37.03064],[-109.57932,37.03019],[-109.57911,37.02868],[-109.57997,37.02609],[-109.58737,37.01969],[-109.58523,37.01459],[-109.58784,37.01201],[-109.58655,37.00966],[-109.57993,37.00936],[-109.57797,37.00778],[-109.57556,37.00181],[-109.57624,36.99635],[-109.57567,36.99424],[-109.58221,36.9863],[-109.58539,36.98114],[-109.58557,36.97974],[-109.58463,36.97718],[-109.58314,36.97698],[-109.58208,36.97891],[-109.57792,36.97985],[-109.57608,36.97958],[-109.57533,36.97794],[-109.57231,36.97906],[-109.56951,36.97913],[-109.56787,36.97511],[-109.56814,36.97127],[-109.56568,36.97026],[-109.56162,36.96626],[-109.5575,36.96368],[-109.55396,36.96342],[-109.55144,36.96508],[-109.54984,36.96506],[-109.5489,36.96406],[-109.5463,36.96528],[-109.54368,36.96335],[-109.54139,36.964],[-109.53964,36.96336],[-109.53819,36.96393],[-109.5351,36.96269],[-109.53163,36.96344],[-109.52953,36.96298],[-109.52918,36.96115],[-109.53256,36.95561],[-109.53244,36.95339],[-109.53104,36.95165],[-109.5283,36.95283],[-109.52099,36.9512],[-109.51255,36.95215],[-109.50966,36.9499],[-109.50964,36.94746],[-109.50832,36.94698],[-109.50809,36.94497],[-109.50665,36.94419],[-109.50453,36.94557],[-109.49881,36.94636],[-109.49498,36.94786],[-109.49392,36.94594],[-109.49125,36.9445],[-109.48734,36.94298],[-109.48353,36.94282],[-109.4811,36.93983],[-109.47929,36.93956],[-109.47775,36.94007],[-109.47637,36.93729],[-109.47389,36.93676],[-109.47246,36.93537],[-109.46977,36.93476],[-109.4684,36.93553],[-109.46418,36.93298],[-109.45893,36.93196],[-109.45831,36.93031],[-109.45626,36.92979],[-109.45081,36.93104],[-109.44822,36.92887],[-109.44783,36.92749],[-109.45054,36.92396],[-109.44917,36.92234],[-109.44689,36.92109],[-109.447,36.91886],[-109.4414,36.91463],[-109.42331,36.91553],[-109.41932,36.91433],[-109.41339,36.91132],[-109.41106,36.91089],[-109.40882,36.90781],[-109.40664,36.90692],[-109.39892,36.90717],[-109.39018,36.90405],[-109.37923,36.90613],[-109.37728,36.90353],[-109.3777,36.90123],[-109.37552,36.90056],[-109.37454,36.89904],[-109.37163,36.89962],[-109.36863,36.89866],[-109.36704,36.90004],[-109.36358,36.89928],[-109.36309,36.89687],[-109.36144,36.89583],[-109.34722,36.89106],[-109.34263,36.89154],[-109.32484,36.88888],[-109.31917,36.89232],[-109.3176,36.89197],[-109.31164,36.88616],[-109.31082,36.88252],[-109.30858,36.88199],[-109.30838,36.88042],[-109.3094,36.87629],[-109.30648,36.87071],[-109.30529,36.86664],[-109.30535,36.85931],[-109.30376,36.85654],[-109.3015,36.85444],[-109.30072,36.85245],[-109.30203,36.84038],[-109.30006,36.83192],[-109.29856,36.83098],[-109.2943,36.8315],[-109.29146,36.82947],[-109.28537,36.82881],[-109.28189,36.82665],[-109.27551,36.82577],[-109.26781,36.82307],[-109.25455,36.82016],[-109.24563,36.81942],[-109.23602,36.81963],[-109.23046,36.81821],[-109.22082,36.82001],[-109.2167,36.8194],[-109.21166,36.81986],[-109.20706,36.81893],[-109.2024,36.81661],[-109.19736,36.81661],[-109.19491,36.81726],[-109.19338,36.81606],[-109.19225,36.81359],[-109.19397,36.80964],[-109.1939,36.80795],[-109.1925,36.80696],[-109.1918,36.80554],[-109.19371,36.80229],[-109.19348,36.80117],[-109.19026,36.79999],[-109.188,36.79802],[-109.18505,36.797],[-109.18407,36.79583],[-109.18243,36.79552],[-109.18096,36.79593],[-109.17973,36.79716],[-109.17872,36.80085],[-109.17585,36.80106],[-109.17337,36.80222],[-109.17424,36.79927],[-109.17392,36.79363],[-109.1682,36.79259],[-109.16561,36.79045],[-109.15796,36.79276],[-109.1536,36.79607],[-109.15084,36.79586],[-109.15034,36.79734],[-109.1494,36.79786],[-109.14317,36.79618],[-109.13605,36.79547],[-109.13002,36.79799],[-109.12366,36.80585],[-109.12369,36.80812],[-109.12502,36.81005],[-109.12432,36.81157],[-109.12394,36.81611],[-109.12497,36.81788],[-109.12769,36.81904],[-109.12784,36.8203],[-109.12655,36.8232],[-109.12681,36.82533],[-109.12561,36.82725],[-109.12601,36.82889],[-109.12446,36.82959],[-109.12135,36.83353],[-109.12104,36.83743],[-109.11987,36.83839],[-109.11316,36.83962],[-109.11149,36.84357],[-109.1083,36.84679],[-109.107,36.8495],[-109.10418,36.85038],[-109.10272,36.85172],[-109.09638,36.85462],[-109.09271,36.859],[-109.09139,36.8639],[-109.09007,36.86562],[-109.08586,36.86957],[-109.08242,36.87076],[-109.08024,36.87283],[-109.07976,36.87612],[-109.07782,36.88148],[-109.0774,36.88711],[-109.07248,36.9043],[-109.0722,36.90847],[-109.07452,36.91339],[-109.07354,36.91915],[-109.08047,36.92324],[-109.07787,36.92469],[-109.07868,36.92836],[-109.07695,36.92957],[-109.07121,36.93747],[-109.06571,36.93973],[-109.05428,36.93988],[-109.05346,36.94127],[-109.05399,36.94316],[-109.04989,36.94505],[-109.04824,36.9475],[-109.04819,36.94901],[-109.05032,36.95036],[-109.04924,36.9525],[-109.0475,36.95345],[-109.04354,36.95406],[-109.04156,36.95569],[-109.0377,36.95562],[-109.03574,36.95621],[-109.03374,36.95862],[-109.03398,36.96016],[-109.0327,36.96256],[-109.0268,36.96432],[-109.02532,36.96614],[-109.0185,36.96877],[-109.017,36.9707],[-109.01248,36.97068],[-109.00949,36.97177],[-109.0076,36.9733],[-109.00592,36.97664],[-109.0017,36.97755],[-109.00096,36.97919],[-108.99808,36.98191],[-108.9983,36.98573],[-108.99281,36.9869],[-108.99018,36.98632],[-108.98399,36.98184],[-108.98434,36.97997],[-108.98081,36.97603],[-108.98078,36.97496],[-108.97957,36.9735],[-108.97624,36.97221],[-108.97313,36.97203],[-108.97526,36.97356],[-108.97871,36.97792],[-108.98055,36.98286],[-108.98042,36.98358],[-108.97825,36.98491],[-108.97886,36.98725],[-108.97857,36.99135],[-108.97781,36.99212],[-108.97528,36.99265],[-108.97256,36.99561],[-108.97387,36.99965],[-108.97299,37.00095],[-108.97332,37.00278],[-108.97457,37.00439],[-108.97566,37.00475],[-108.97645,37.00663],[-108.97785,37.00647],[-108.98099,37.01096],[-108.98105,37.01189],[-108.97843,37.01334],[-108.97723,37.01557],[-108.97702,37.01813],[-108.97487,37.01837],[-108.97136,37.02092],[-108.96881,37.02168],[-108.96583,37.02355],[-108.96453,37.02652],[-108.96227,37.02785],[-108.96219,37.02915],[-108.96054,37.0309],[-108.95651,37.0332],[-108.9554,37.03513],[-108.9536,37.03616],[-108.94951,37.0354],[-108.94669,37.0377],[-108.94667,37.04115],[-108.94833,37.04318],[-108.94716,37.04464],[-108.94738,37.0459],[-108.94652,37.04697],[-108.94466,37.04712],[-108.94359,37.04836],[-108.94145,37.04825],[-108.9395,37.0493],[-108.93636,37.04952],[-108.93596,37.05045],[-108.9373,37.05211],[-108.93618,37.05269],[-108.9319,37.05106],[-108.92992,37.05398],[-108.9279,37.05504],[-108.92585,37.05798],[-108.92653,37.06027],[-108.92596,37.06403],[-108.92457,37.06464],[-108.92412,37.06597],[-108.9217,37.06813],[-108.91951,37.07218],[-108.92056,37.07588],[-108.91826,37.07797],[-108.91773,37.08354],[-108.916,37.08405],[-108.9163,37.08505],[-108.91582,37.08573],[-108.91015,37.08523],[-108.90402,37.08668],[-108.9021,37.08528],[-108.89962,37.08495],[-108.89692,37.08629],[-108.89529,37.08989],[-108.89042,37.08985],[-108.88883,37.09096],[-108.87822,37.09247],[-108.86804,37.09734],[-108.86365,37.09841],[-108.86188,37.10041],[-108.86269,37.10122],[-108.85988,37.10399],[-108.85849,37.10824],[-108.8547,37.10994],[-108.8527,37.11203],[-108.85027,37.11331],[-108.85098,37.11395],[-108.85076,37.11504],[-108.85176,37.11819],[-108.85144,37.11993],[-108.84851,37.1215],[-108.84905,37.12298],[-108.8476,37.12686],[-108.84368,37.12889],[-108.84122,37.13212],[-108.84038,37.13524],[-108.83374,37.14075],[-108.83842,37.14593],[-108.83605,37.14678],[-108.83435,37.14833],[-108.8341,37.14911],[-108.83519,37.15235],[-108.83081,37.1552],[-108.83107,37.15624],[-108.8291,37.15985],[-108.82648,37.16223],[-108.82686,37.16373],[-108.8251,37.16524],[-108.82254,37.17222],[-108.82266,37.17408],[-108.81471,37.18135],[-108.81195,37.18168],[-108.81029,37.18307],[-108.80812,37.18532],[-108.80689,37.18938],[-108.80515,37.19064],[-108.8035,37.19302],[-108.79543,37.19419],[-108.79401,37.19569],[-108.79618,37.19922],[-108.79816,37.19992],[-108.79934,37.20145],[-108.80076,37.20505],[-108.79918,37.20689],[-108.8005,37.2092],[-108.80333,37.21168],[-108.8088,37.21458],[-108.80908,37.2198],[-108.80566,37.22118],[-108.80339,37.22504],[-108.80323,37.22651],[-108.80408,37.22752],[-108.80335,37.22912],[-108.80453,37.22962],[-108.80296,37.23102],[-108.80307,37.23192],[-108.80498,37.23201],[-108.80616,37.23291],[-108.80787,37.23276],[-108.81263,37.23481],[-108.81323,37.23747],[-108.81639,37.23923],[-108.8157,37.24162],[-108.81737,37.24417],[-108.81594,37.24738],[-108.81462,37.24849],[-108.81147,37.24844],[-108.80935,37.24986],[-108.81176,37.25286],[-108.81121,37.25445],[-108.81249,37.25568],[-108.81555,37.25619],[-108.81729,37.26048],[-108.82061,37.26006],[-108.82289,37.25652],[-108.82404,37.25579],[-108.82575,37.25578],[-108.83004,37.24752],[-108.83521,37.24669],[-108.837,37.24422],[-108.83845,37.24425],[-108.83951,37.24553],[-108.84046,37.24556],[-108.84205,37.24424],[-108.84535,37.24556],[-108.84914,37.24553],[-108.8525,37.24649],[-108.85755,37.24525],[-108.86361,37.24648],[-108.86603,37.24525],[-108.86686,37.24383],[-108.86921,37.24326],[-108.87042,37.24102],[-108.87274,37.24154],[-108.87415,37.23912],[-108.87825,37.24024],[-108.88503,37.24557],[-108.89129,37.24688],[-108.89199,37.24905],[-108.89309,37.24989],[-108.89799,37.2517],[-108.90036,37.25375],[-108.90367,37.25479],[-108.90681,37.25391],[-108.91024,37.25392],[-108.91483,37.25644],[-108.9162,37.25641],[-108.92193,37.25454],[-108.92969,37.2488],[-108.93429,37.24812],[-108.93926,37.24431],[-108.94859,37.23959],[-108.95263,37.23856],[-108.9577,37.23592],[-108.96695,37.23517],[-108.97261,37.23334],[-108.97348,37.23295],[-108.97501,37.22991],[-108.97914,37.22834],[-108.99286,37.22766],[-108.99914,37.22527],[-109.00457,37.22536],[-109.0157,37.22087],[-109.02274,37.22156],[-109.02395,37.22224],[-109.02485,37.224],[-109.02623,37.22441],[-109.03131,37.22221],[-109.03345,37.21965],[-109.04169,37.21632],[-109.04461,37.21225],[-109.052,37.20852],[-109.05349,37.20883],[-109.05475,37.20832],[-109.05509,37.2097],[-109.05951,37.21295],[-109.06141,37.21258],[-109.06305,37.21133],[-109.06526,37.21174],[-109.06616,37.21049],[-109.06901,37.21217],[-109.0724,37.21234],[-109.07453,37.21392],[-109.08081,37.21184],[-109.09116,37.20354],[-109.09711,37.20036],[-109.10537,37.20044],[-109.1116,37.20615],[-109.11341,37.20467],[-109.11499,37.20478],[-109.11567,37.2058],[-109.11707,37.20608],[-109.11742,37.20747],[-109.11944,37.2094],[-109.12171,37.21537],[-109.12571,37.21619],[-109.12721,37.21814],[-109.12862,37.21873],[-109.13561,37.21926],[-109.13629,37.21875],[-109.13574,37.21628],[-109.13657,37.21535],[-109.14007,37.21633],[-109.14336,37.2164],[-109.1476,37.21828],[-109.15037,37.21831],[-109.1528,37.21935],[-109.15464,37.21919],[-109.15748,37.21783],[-109.1591,37.21904],[-109.1617,37.21967],[-109.16363,37.21831],[-109.16357,37.21678],[-109.16452,37.21618],[-109.17419,37.21806],[-109.18445,37.21532],[-109.18704,37.21554],[-109.18978,37.21805],[-109.19058,37.21804],[-109.19253,37.21622],[-109.1934,37.21687],[-109.19253,37.2212],[-109.19442,37.22468],[-109.19451,37.22657],[-109.19552,37.22779],[-109.19461,37.22841],[-109.19083,37.22883],[-109.18822,37.2281],[-109.18814,37.22947],[-109.18519,37.23095],[-109.18446,37.23192],[-109.18557,37.23352],[-109.18545,37.2349],[-109.18203,37.23661],[-109.18011,37.23858],[-109.17983,37.24019],[-109.17753,37.24134],[-109.17582,37.24376],[-109.1764,37.24733],[-109.17541,37.24825],[-109.17419,37.25265],[-109.17248,37.25371],[-109.17277,37.25785],[-109.17197,37.25958],[-109.16856,37.26244],[-109.16841,37.26378],[-109.16721,37.26449],[-109.16735,37.26525],[-109.16923,37.26597],[-109.1698,37.26742],[-109.16885,37.26994],[-109.16952,37.27189],[-109.16922,37.27855],[-109.16392,37.27943],[-109.15675,37.27921],[-109.1539,37.28092],[-109.15063,37.28442],[-109.15143,37.28804],[-109.14975,37.29034],[-109.15,37.29495],[-109.1521,37.3003],[-109.15112,37.30851],[-109.1525,37.30971],[-109.1531,37.31243],[-109.15299,37.31688],[-109.15166,37.31981],[-109.15221,37.32537],[-109.15351,37.32692],[-109.15529,37.32759],[-109.16021,37.33151],[-109.16373,37.33295],[-109.17061,37.33417],[-109.17298,37.33403],[-109.18327,37.32725],[-109.18951,37.32915],[-109.19454,37.32862],[-109.19712,37.32649],[-109.20501,37.32418],[-109.21371,37.31796],[-109.21479,37.31786],[-109.21707,37.31906],[-109.21767,37.31693],[-109.21875,37.31598],[-109.21901,37.31388],[-109.22038,37.31257],[-109.22414,37.3131],[-109.22614,37.31155],[-109.22823,37.31086],[-109.23951,37.30837],[-109.24027,37.30754],[-109.24172,37.29974],[-109.24289,37.2978],[-109.24433,37.29734],[-109.24566,37.29576],[-109.24936,37.29677],[-109.25092,37.29971],[-109.25501,37.29914],[-109.25815,37.29787],[-109.25864,37.29702],[-109.25734,37.29267],[-109.25888,37.29094],[-109.25927,37.28947],[-109.26129,37.28801],[-109.26142,37.28338],[-109.26213,37.28158],[-109.26457,37.28161],[-109.26685,37.28326],[-109.26893,37.28292],[-109.27097,37.28191],[-109.27764,37.28046],[-109.28076,37.27785],[-109.28414,37.27764],[-109.28873,37.27471],[-109.29435,37.27639],[-109.29789,37.27467],[-109.30029,37.27541],[-109.30192,37.27447],[-109.30168,37.27338],[-109.30309,37.26932],[-109.302,37.26835],[-109.30378,37.26619],[-109.30825,37.26591],[-109.31562,37.26665],[-109.32471,37.27141],[-109.33189,37.26938],[-109.33178,37.27227],[-109.32998,37.27741],[-109.33047,37.2816],[-109.3381,37.28224],[-109.3408,37.28116],[-109.34274,37.28205],[-109.34336,37.2836],[-109.34174,37.28914],[-109.34258,37.29048],[-109.3429,37.2929],[-109.34205,37.29422],[-109.3422,37.29918],[-109.34055,37.3036],[-109.33909,37.30455],[-109.3387,37.30641],[-109.33595,37.30801],[-109.33036,37.30722],[-109.32779,37.31018],[-109.33015,37.31306],[-109.32969,37.3147],[-109.33196,37.32],[-109.33049,37.32449],[-109.33418,37.32543],[-109.33913,37.3241],[-109.34259,37.32673],[-109.34728,37.32681],[-109.34469,37.33061],[-109.34461,37.33157],[-109.34589,37.33318],[-109.34566,37.33445],[-109.34891,37.33822],[-109.34931,37.33979],[-109.34887,37.34084],[-109.34972,37.34107],[-109.3519,37.34864],[-109.35131,37.3502],[-109.34939,37.35193],[-109.34935,37.35782],[-109.34756,37.36005],[-109.34461,37.36171],[-109.34405,37.36307],[-109.34199,37.37228],[-109.34332,37.37693],[-109.34212,37.38336],[-109.33997,37.38463],[-109.33897,37.38652],[-109.33922,37.38904],[-109.34075,37.39124],[-109.3407,37.39487],[-109.33996,37.39575],[-109.34062,37.40162],[-109.33767,37.40953],[-109.33416,37.41604],[-109.33448,37.41973],[-109.33621,37.42176],[-109.33659,37.42361],[-109.33292,37.42858],[-109.33101,37.43294],[-109.33229,37.43456],[-109.33319,37.44009],[-109.3316,37.45229],[-109.33443,37.4567],[-109.33963,37.46048],[-109.34044,37.46373],[-109.33987,37.46498],[-109.34163,37.46514],[-109.34342,37.46658],[-109.34286,37.46937],[-109.34631,37.47011],[-109.3475,37.47585],[-109.34719,37.47823],[-109.34855,37.478],[-109.34986,37.47873],[-109.35496,37.47948],[-109.35609,37.48133],[-109.35809,37.48195],[-109.35818,37.48352],[-109.35702,37.48705],[-109.35752,37.49043],[-109.35947,37.49013],[-109.36115,37.48886],[-109.36332,37.48935],[-109.36461,37.49167],[-109.3687,37.49434],[-109.36865,37.49581],[-109.37023,37.49643],[-109.37387,37.5],[-109.37857,37.50252],[-109.38058,37.50451],[-109.37961,37.50615],[-109.38104,37.50905],[-109.38125,37.51147],[-109.37866,37.51532],[-109.37532,37.52371],[-109.37274,37.52694],[-109.37041,37.52852],[-109.37267,37.53006],[-109.3729,37.5311],[-109.37485,37.53285],[-109.37995,37.54357],[-109.3786,37.54556],[-109.37896,37.54878],[-109.37851,37.55064],[-109.3752,37.5552],[-109.37312,37.55618],[-109.37345,37.56336],[-109.37177,37.56802],[-109.37363,37.56949],[-109.37645,37.5701],[-109.37789,37.5711],[-109.37884,37.57316],[-109.3789,37.57567],[-109.38048,37.57853],[-109.37893,37.58351],[-109.37949,37.58566],[-109.37892,37.59394],[-109.37951,37.59914],[-109.37539,37.60645],[-109.37586,37.60901],[-109.37545,37.61111],[-109.37917,37.61192],[-109.38589,37.62026],[-109.38513,37.62389],[-109.38552,37.63095],[-109.38605,37.63232],[-109.38688,37.63272],[-109.38961,37.6327],[-109.39157,37.63754],[-109.39343,37.63913],[-109.39401,37.64458],[-109.39568,37.64864],[-109.39533,37.65009],[-109.39751,37.65285],[-109.39853,37.65889],[-109.39946,37.66026],[-109.39961,37.66562],[-109.40048,37.66866],[-109.39757,37.67789],[-109.39713,37.68466],[-109.39608,37.68676],[-109.39624,37.68957],[-109.39479,37.69178],[-109.39454,37.69357],[-109.39617,37.69604],[-109.39668,37.70028],[-109.39911,37.70329],[-109.4003,37.70594],[-109.39964,37.70993],[-109.40066,37.71393],[-109.40435,37.71641],[-109.40545,37.72089],[-109.40732,37.72347],[-109.40759,37.72677],[-109.40638,37.73013],[-109.41185,37.73526],[-109.41221,37.73731],[-109.41433,37.73837],[-109.415,37.73963],[-109.4154,37.74208],[-109.41447,37.743],[-109.41479,37.74697],[-109.41399,37.74965],[-109.41468,37.75323],[-109.41919,37.75619],[-109.41967,37.76051],[-109.42169,37.76248],[-109.42298,37.76513],[-109.42458,37.76582],[-109.42581,37.76874],[-109.42704,37.7698],[-109.43226,37.77083],[-109.43649,37.77298],[-109.43946,37.77592],[-109.43993,37.77762],[-109.44184,37.779],[-109.44526,37.78012],[-109.44781,37.78322],[-109.45107,37.78477],[-109.45375,37.78765],[-109.45502,37.79167],[-109.46092,37.79425],[-109.46681,37.80272],[-109.46733,37.80759],[-109.4653,37.80905],[-109.46135,37.8098],[-109.45732,37.81166],[-109.45771,37.81445],[-109.45981,37.81794],[-109.45965,37.81962],[-109.46209,37.82164],[-109.46332,37.82366],[-109.46522,37.82483],[-109.4649,37.82747],[-109.46401,37.82863],[-109.46491,37.83035],[-109.46721,37.83237],[-109.46815,37.8352],[-109.46759,37.83745],[-109.4685,37.83916],[-109.47157,37.8412],[-109.47482,37.84125],[-109.47991,37.84011],[-109.48816,37.83937],[-109.49156,37.83795],[-109.49417,37.83803],[-109.49787,37.83597],[-109.50273,37.83604],[-109.50486,37.83515],[-109.50674,37.83343],[-109.50656,37.8309],[-109.51207,37.8272],[-109.51808,37.82663],[-109.52148,37.82468],[-109.53428,37.82285],[-109.53872,37.82371],[-109.53908,37.82577],[-109.54279,37.82979],[-109.54929,37.8298],[-109.55345,37.83156],[-109.55886,37.83558],[-109.56073,37.83593],[-109.56756,37.834],[-109.57067,37.8306],[-109.57688,37.83115],[-109.57897,37.83244],[-109.58458,37.83295],[-109.58722,37.83409],[-109.59076,37.83764],[-109.59257,37.83843],[-109.6,37.83593],[-109.60262,37.83583],[-109.60479,37.83066],[-109.60788,37.83048],[-109.61229,37.83398],[-109.61398,37.83356],[-109.61369,37.83785],[-109.61524,37.83835],[-109.6151,37.8403],[-109.61753,37.84374],[-109.62118,37.84495],[-109.62247,37.84623],[-109.62345,37.84563],[-109.6242,37.8438],[-109.62447,37.84039],[-109.6235,37.83835],[-109.62374,37.83664],[-109.62598,37.83596],[-109.62795,37.83154],[-109.63003,37.8288],[-109.63277,37.82842],[-109.63525,37.82609],[-109.63765,37.82498],[-109.63952,37.82465],[-109.64003,37.82797],[-109.64188,37.8293],[-109.64166,37.83045],[-109.64249,37.83062],[-109.64403,37.83311],[-109.64684,37.83227],[-109.65058,37.82967],[-109.65504,37.83195],[-109.66012,37.83097],[-109.66283,37.82906],[-109.66393,37.82993],[-109.66531,37.83003],[-109.66781,37.82698],[-109.66967,37.82589],[-109.6738,37.82878],[-109.67928,37.82808],[-109.68073,37.82899],[-109.68291,37.82699],[-109.68693,37.82699],[-109.68846,37.82743],[-109.68959,37.82937],[-109.69198,37.82977],[-109.69848,37.82868],[-109.69923,37.82757],[-109.70428,37.82575],[-109.70548,37.82401],[-109.71098,37.82237],[-109.71438,37.82404],[-109.72055,37.82329],[-109.72127,37.8262],[-109.72303,37.82808],[-109.724,37.83033],[-109.72944,37.83606],[-109.72945,37.837],[-109.72746,37.8402],[-109.72968,37.84194],[-109.7314,37.84229]]]}},{"type":"Feature","properties":{"name":"Chinle","huc8":"14080204"},"geometry":{"type":"Polygon","coordinates":[[[-109.68873,37.21263],[-109.69657,37.21306],[-109.69964,37.21057],[-109.70126,37.21177],[-109.70245,37.2116],[-109.70453,37.20786],[-109.70626,37.20781],[-109.71152,37.20493],[-109.71312,37.20234],[-109.716,37.19959],[-109.71661,37.1973],[-109.71763,37.1962],[-109.71651,37.19435],[-109.71385,37.19392],[-109.71072,37.19502],[-109.70632,37.19268],[-109.70704,37.19169],[-109.70937,37.19062],[-109.70907,37.18671],[-109.71062,37.18622],[-109.71208,37.18663],[-109.71374,37.18593],[-109.71574,37.18351],[-109.71842,37.18219],[-109.71987,37.1802],[-109.72138,37.17965],[-109.7226,37.1782],[-109.72617,37.17919],[-109.72772,37.1783],[-109.73043,37.17443],[-109.73285,37.17564],[-109.73479,37.17538],[-109.73533,37.17639],[-109.73677,37.17659],[-109.74011,37.17606],[-109.74134,37.17521],[-109.74532,37.17584],[-109.74825,37.17553],[-109.75428,37.17322],[-109.75641,37.17173],[-109.75914,37.17288],[-109.7594,37.17217],[-109.76143,37.17112],[-109.76288,37.16695],[-109.76583,37.16508],[-109.7683,37.16496],[-109.77168,37.15845],[-109.7754,37.15856],[-109.77637,37.1575],[-109.77773,37.15797],[-109.77964,37.15748],[-109.78559,37.15307],[-109.78743,37.15357],[-109.7935,37.15215],[-109.79761,37.15237],[-109.79692,37.14875],[-109.78965,37.14303],[-109.78659,37.13872],[-109.78436,37.13764],[-109.78152,37.13799],[-109.78068,37.1345],[-109.77904,37.13277],[-109.77953,37.13185],[-109.77817,37.12908],[-109.7774,37.12477],[-109.78304,37.11865],[-109.78654,37.11312],[-109.7855,37.10995],[-109.78251,37.10586],[-109.78268,37.10488],[-109.78108,37.10193],[-109.77864,37.10105],[-109.7799,37.09764],[-109.779,37.09642],[-109.77616,37.09577],[-109.77705,37.09504],[-109.77758,37.09037],[-109.78235,37.08679],[-109.78751,37.07977],[-109.7883,37.07781],[-109.78913,37.0692],[-109.79238,37.06618],[-109.79363,37.06338],[-109.79771,37.06075],[-109.79918,37.05833],[-109.80367,37.05597],[-109.80705,37.05139],[-109.81,37.04908],[-109.80943,37.04809],[-109.8068,37.04764],[-109.80622,37.04675],[-109.79837,37.0463],[-109.79798,37.04523],[-109.796,37.04439],[-109.79597,37.04291],[-109.79722,37.0406],[-109.7974,37.03702],[-109.79867,37.03481],[-109.79805,37.03326],[-109.79632,37.03183],[-109.79588,37.0303],[-109.79443,37.03019],[-109.79476,37.02889],[-109.79208,37.02842],[-109.78901,37.0291],[-109.78592,37.03135],[-109.78282,37.03253],[-109.78236,37.0337],[-109.78008,37.03462],[-109.7803,37.03571],[-109.77985,37.03577],[-109.77897,37.03484],[-109.77865,37.03252],[-109.7778,37.03236],[-109.78029,37.02818],[-109.78026,37.02578],[-109.77872,37.02459],[-109.77582,37.02404],[-109.77843,37.02249],[-109.77909,37.02026],[-109.78121,37.01856],[-109.77987,37.01545],[-109.78648,37.01219],[-109.78891,37.01238],[-109.79208,37.01148],[-109.79307,37.01021],[-109.79494,37.00992],[-109.79562,37.00796],[-109.79481,37.00638],[-109.79617,37.00489],[-109.79545,37.00269],[-109.79665,37.00158],[-109.80033,37.00074],[-109.79866,36.99949],[-109.79917,36.99764],[-109.80353,36.99421],[-109.80342,36.99187],[-109.80811,36.98788],[-109.81074,36.98226],[-109.81156,36.98164],[-109.81144,36.98071],[-109.81307,36.97746],[-109.81532,36.9702],[-109.81502,36.96871],[-109.81332,36.96624],[-109.81351,36.96295],[-109.8188,36.9571],[-109.81821,36.94968],[-109.81538,36.94714],[-109.81856,36.94613],[-109.82353,36.94239],[-109.82668,36.93735],[-109.82563,36.93337],[-109.82692,36.93184],[-109.828,36.92851],[-109.84001,36.92416],[-109.84147,36.92149],[-109.84654,36.91795],[-109.84632,36.91737],[-109.84759,36.91594],[-109.85459,36.91233],[-109.85999,36.9085],[-109.86178,36.90638],[-109.86713,36.90276],[-109.86997,36.89946],[-109.87586,36.89505],[-109.88171,36.89371],[-109.88492,36.89048],[-109.91063,36.87743],[-109.91927,36.87547],[-109.92544,36.87304],[-109.92601,36.87211],[-109.92778,36.87132],[-109.93147,36.87142],[-109.93719,36.86993],[-109.93929,36.87037],[-109.95396,36.86662],[-109.95595,36.86661],[-109.96291,36.8639],[-109.96476,36.86176],[-109.96697,36.86175],[-109.96804,36.86084],[-109.98019,36.85874],[-109.98502,36.85587],[-109.98845,36.85649],[-109.99745,36.85351],[-109.99843,36.85248],[-110.00448,36.85102],[-110.01396,36.84713],[-110.01983,36.84555],[-110.0271,36.84071],[-110.03227,36.8381],[-110.03697,36.83397],[-110.04331,36.83119],[-110.04868,36.82727],[-110.04922,36.82605],[-110.05315,36.82268],[-110.05953,36.81902],[-110.06177,36.81699],[-110.06268,36.81396],[-110.06408,36.81355],[-110.06539,36.81423],[-110.06656,36.8137],[-110.06854,36.81113],[-110.07308,36.80954],[-110.07566,36.80698],[-110.07719,36.80688],[-110.08038,36.80412],[-110.08468,36.80226],[-110.08531,36.80059],[-110.08887,36.79866],[-110.09029,36.79713],[-110.09035,36.79479],[-110.09161,36.79202],[-110.09836,36.79114],[-110.09938,36.7917],[-110.09918,36.79282],[-110.10058,36.79306],[-110.10326,36.79146],[-110.11576,36.78671],[-110.12479,36.78137],[-110.12643,36.78093],[-110.12963,36.78245],[-110.14264,36.78188],[-110.14935,36.77994],[-110.15633,36.77918],[-110.16179,36.77771],[-110.16626,36.77565],[-110.16822,36.77738],[-110.17395,36.77576],[-110.17565,36.77457],[-110.17798,36.77555],[-110.17999,36.77546],[-110.17931,36.774],[-110.17969,36.77315],[-110.18537,36.77188],[-110.19023,36.76861],[-110.19392,36.76804],[-110.19536,36.76594],[-110.19932,36.76417],[-110.20556,36.76334],[-110.20844,36.76162],[-110.21483,36.75991],[-110.22221,36.75606],[-110.22378,36.75617],[-110.225,36.75783],[-110.23154,36.75502],[-110.23803,36.75378],[-110.2437,36.7558],[-110.24568,36.75746],[-110.24758,36.76056],[-110.25277,36.76247],[-110.25582,36.76174],[-110.26011,36.7617],[-110.26171,36.76305],[-110.26299,36.76547],[-110.26618,36.76573],[-110.26712,36.7683],[-110.26694,36.76974],[-110.26422,36.77118],[-110.26398,36.77225],[-110.26526,36.77421],[-110.26529,36.77705],[-110.26806,36.78537],[-110.27346,36.78872],[-110.2794,36.78771],[-110.28154,36.79064],[-110.28349,36.79212],[-110.28037,36.7955],[-110.28071,36.79827],[-110.27939,36.80541],[-110.27968,36.80757],[-110.28081,36.80954],[-110.28006,36.81142],[-110.27828,36.81278],[-110.27704,36.82147],[-110.27569,36.82188],[-110.27896,36.82924],[-110.28081,36.82748],[-110.28637,36.83274],[-110.28913,36.83312],[-110.29318,36.82702],[-110.29691,36.82795],[-110.30094,36.82652],[-110.30754,36.82608],[-110.30821,36.82652],[-110.30781,36.82863],[-110.30837,36.8301],[-110.314,36.82875],[-110.31576,36.82622],[-110.31638,36.82189],[-110.32302,36.81677],[-110.32305,36.81546],[-110.33041,36.81333],[-110.33221,36.81112],[-110.33503,36.80991],[-110.33725,36.80727],[-110.33866,36.80667],[-110.35053,36.80659],[-110.35176,36.80697],[-110.35317,36.80865],[-110.35582,36.80898],[-110.36185,36.80825],[-110.3646,36.806],[-110.36683,36.80515],[-110.37503,36.80865],[-110.37603,36.81008],[-110.37849,36.81126],[-110.38265,36.81158],[-110.38643,36.81082],[-110.39082,36.81114],[-110.39512,36.81062],[-110.39735,36.81218],[-110.40022,36.81296],[-110.40201,36.81232],[-110.40388,36.81323],[-110.40656,36.81342],[-110.4073,36.81294],[-110.40988,36.80647],[-110.41653,36.8025],[-110.42615,36.8021],[-110.42926,36.80022],[-110.43294,36.79957],[-110.43537,36.80058],[-110.4389,36.80044],[-110.44009,36.80114],[-110.44263,36.80476],[-110.44618,36.80736],[-110.44799,36.80798],[-110.44973,36.80745],[-110.45444,36.81113],[-110.45526,36.81305],[-110.45388,36.81472],[-110.45392,36.81807],[-110.45604,36.82086],[-110.45894,36.82193],[-110.45932,36.82266],[-110.45732,36.8249],[-110.45562,36.83119],[-110.45575,36.8331],[-110.45798,36.83649],[-110.46202,36.83496],[-110.46506,36.83524],[-110.46623,36.83994],[-110.46891,36.84163],[-110.46689,36.84531],[-110.46677,36.84768],[-110.46404,36.85052],[-110.46485,36.85157],[-110.46469,36.8535],[-110.47045,36.8506],[-110.47002,36.84906],[-110.47063,36.84812],[-110.47337,36.84665],[-110.47538,36.8445],[-110.47833,36.84468],[-110.4825,36.84655],[-110.4836,36.84632],[-110.48501,36.84129],[-110.49012,36.83133],[-110.49249,36.82871],[-110.49544,36.82638],[-110.50366,36.82403],[-110.50727,36.8187],[-110.50813,36.81585],[-110.5119,36.8137],[-110.51335,36.81184],[-110.51617,36.81258],[-110.52245,36.80977],[-110.52396,36.8058],[-110.52942,36.80295],[-110.533,36.79872],[-110.53511,36.79791],[-110.53704,36.79897],[-110.54122,36.79588],[-110.54741,36.79554],[-110.55186,36.79725],[-110.55347,36.80093],[-110.55818,36.80443],[-110.5601,36.80306],[-110.56427,36.80318],[-110.56634,36.80454],[-110.56778,36.80663],[-110.5691,36.80683],[-110.57002,36.80521],[-110.56987,36.80179],[-110.57224,36.79887],[-110.57225,36.79679],[-110.57522,36.79264],[-110.57596,36.7871],[-110.57736,36.78413],[-110.57618,36.78157],[-110.57622,36.77899],[-110.57045,36.77457],[-110.5676,36.77286],[-110.56518,36.77231],[-110.56283,36.77031],[-110.56864,36.76741],[-110.56968,36.7651],[-110.57232,36.76332],[-110.57301,36.75717],[-110.57522,36.75387],[-110.57523,36.7513],[-110.57777,36.75024],[-110.58102,36.7465],[-110.58241,36.74584],[-110.58283,36.74384],[-110.58597,36.74245],[-110.58722,36.74112],[-110.58492,36.73489],[-110.58532,36.73131],[-110.58156,36.72979],[-110.58007,36.72728],[-110.5767,36.72429],[-110.57588,36.71983],[-110.56959,36.71633],[-110.56482,36.71492],[-110.56456,36.71257],[-110.56171,36.70928],[-110.56264,36.70668],[-110.56262,36.70426],[-110.55686,36.70179],[-110.55111,36.70106],[-110.55157,36.69856],[-110.5549,36.69122],[-110.55444,36.69023],[-110.55575,36.68791],[-110.55474,36.68548],[-110.55088,36.68457],[-110.54614,36.68536],[-110.54376,36.68737],[-110.54202,36.68702],[-110.54158,36.68466],[-110.54344,36.6822],[-110.54293,36.67886],[-110.53989,36.67754],[-110.53891,36.67632],[-110.54104,36.67113],[-110.53509,36.67059],[-110.52912,36.67233],[-110.52845,36.67121],[-110.52329,36.66784],[-110.52304,36.66604],[-110.524,36.66409],[-110.52353,36.66304],[-110.52093,36.66357],[-110.5181,36.66227],[-110.51992,36.65839],[-110.51853,36.65873],[-110.51734,36.65751],[-110.51408,36.65732],[-110.51476,36.65409],[-110.51612,36.65193],[-110.5153,36.6491],[-110.51601,36.64501],[-110.51368,36.64189],[-110.51371,36.63939],[-110.51284,36.63749],[-110.51293,36.63335],[-110.51086,36.63085],[-110.50976,36.62708],[-110.50861,36.62141],[-110.50982,36.61714],[-110.50727,36.61683],[-110.50352,36.6146],[-110.50322,36.61217],[-110.50138,36.60911],[-110.49898,36.60723],[-110.4991,36.60237],[-110.49686,36.59658],[-110.49628,36.59214],[-110.49383,36.58838],[-110.49365,36.58508],[-110.49205,36.58376],[-110.49135,36.58195],[-110.49268,36.5771],[-110.49574,36.57269],[-110.49972,36.5646],[-110.5001,36.56261],[-110.50256,36.55864],[-110.5037,36.55498],[-110.50342,36.55394],[-110.50054,36.55491],[-110.49773,36.55474],[-110.49498,36.55192],[-110.48945,36.54834],[-110.48073,36.5505],[-110.4768,36.55284],[-110.47254,36.55809],[-110.46939,36.56661],[-110.46726,36.57042],[-110.46565,36.57634],[-110.46336,36.57991],[-110.46199,36.58506],[-110.45772,36.5947],[-110.45655,36.60199],[-110.4542,36.60607],[-110.45302,36.61044],[-110.4516,36.61221],[-110.45118,36.61421],[-110.44872,36.6156],[-110.4464,36.61873],[-110.44185,36.62046],[-110.43794,36.6241],[-110.43307,36.62701],[-110.43057,36.62698],[-110.42922,36.62759],[-110.4277,36.62871],[-110.42656,36.63124],[-110.42054,36.6346],[-110.41861,36.63451],[-110.41773,36.63601],[-110.41484,36.63697],[-110.41088,36.64058],[-110.40775,36.64517],[-110.39946,36.65117],[-110.39452,36.64861],[-110.38786,36.64776],[-110.38075,36.64914],[-110.37632,36.65223],[-110.36818,36.64965],[-110.36447,36.64716],[-110.36095,36.64624],[-110.35557,36.64889],[-110.34655,36.65039],[-110.34479,36.65122],[-110.3346,36.65715],[-110.33235,36.65915],[-110.33103,36.66153],[-110.32842,36.66056],[-110.32296,36.65566],[-110.31349,36.64985],[-110.31144,36.64617],[-110.30936,36.64438],[-110.3071,36.64376],[-110.30567,36.64411],[-110.30293,36.64645],[-110.29745,36.64692],[-110.29523,36.64614],[-110.29236,36.64702],[-110.2878,36.64387],[-110.28576,36.64392],[-110.28338,36.64462],[-110.28177,36.64606],[-110.28027,36.64785],[-110.27983,36.65015],[-110.27901,36.65087],[-110.2728,36.65015],[-110.26376,36.65185],[-110.2606,36.65068],[-110.25876,36.6484],[-110.25903,36.64315],[-110.25593,36.63613],[-110.25121,36.63132],[-110.24991,36.63109],[-110.24837,36.6294],[-110.24628,36.6284],[-110.24426,36.62377],[-110.24256,36.6225],[-110.2426,36.61936],[-110.24179,36.61623],[-110.24448,36.61365],[-110.24191,36.61269],[-110.24239,36.60575],[-110.23912,36.60087],[-110.2374,36.59594],[-110.22985,36.59049],[-110.22242,36.58962],[-110.22003,36.58823],[-110.21564,36.58833],[-110.20866,36.58576],[-110.20781,36.58148],[-110.20804,36.5788],[-110.20468,36.57332],[-110.20442,36.57158],[-110.2053,36.5699],[-110.20901,36.56716],[-110.20927,36.5627],[-110.212,36.55578],[-110.21473,36.5534],[-110.21374,36.55042],[-110.21229,36.54858],[-110.21311,36.54479],[-110.21588,36.54178],[-110.21482,36.53854],[-110.21617,36.53657],[-110.21428,36.53314],[-110.21415,36.52871],[-110.20988,36.53045],[-110.20657,36.52994],[-110.2036,36.52854],[-110.19995,36.52839],[-110.19965,36.52421],[-110.19744,36.51925],[-110.19662,36.51402],[-110.19383,36.51399],[-110.18803,36.51685],[-110.18404,36.51737],[-110.18593,36.51274],[-110.18577,36.5097],[-110.18026,36.50077],[-110.17751,36.49909],[-110.1738,36.49828],[-110.17347,36.49318],[-110.17005,36.48949],[-110.16406,36.48725],[-110.16312,36.48621],[-110.16013,36.48503],[-110.15136,36.48523],[-110.14687,36.48143],[-110.14266,36.47979],[-110.13871,36.47536],[-110.13659,36.47388],[-110.13399,36.4732],[-110.13337,36.47206],[-110.12947,36.47068],[-110.12626,36.47049],[-110.12161,36.46863],[-110.11943,36.46865],[-110.11527,36.47018],[-110.1106,36.46941],[-110.10589,36.47095],[-110.10174,36.46945],[-110.10003,36.46944],[-110.09049,36.47114],[-110.08676,36.47333],[-110.08499,36.47344],[-110.08457,36.47265],[-110.08585,36.46874],[-110.08474,36.46687],[-110.08409,36.46361],[-110.0787,36.45928],[-110.07663,36.45881],[-110.07295,36.4561],[-110.07175,36.45378],[-110.07068,36.4532],[-110.06593,36.45398],[-110.06374,36.45301],[-110.05579,36.45653],[-110.05566,36.45748],[-110.05899,36.46151],[-110.05981,36.46384],[-110.05948,36.46475],[-110.04978,36.46313],[-110.04944,36.46262],[-110.05036,36.45978],[-110.04724,36.45698],[-110.04368,36.46128],[-110.04061,36.46213],[-110.03797,36.46191],[-110.03726,36.46669],[-110.03853,36.47106],[-110.03796,36.47657],[-110.03896,36.47981],[-110.0382,36.48113],[-110.03599,36.48093],[-110.03238,36.47902],[-110.02945,36.47844],[-110.02778,36.47522],[-110.02205,36.47265],[-110.02005,36.4725],[-110.01881,36.47057],[-110.01566,36.47027],[-110.0145,36.4694],[-110.0144,36.46829],[-110.0105,36.46797],[-110.00741,36.46489],[-110.00768,36.46343],[-110.01003,36.46139],[-110.00778,36.45573],[-109.99786,36.45256],[-109.99288,36.45318],[-109.99037,36.45215],[-109.98615,36.45304],[-109.98305,36.45271],[-109.9801,36.45133],[-109.97673,36.44757],[-109.97115,36.44368],[-109.96511,36.44273],[-109.96439,36.4418],[-109.96473,36.44008],[-109.96411,36.43875],[-109.95713,36.43031],[-109.95669,36.42853],[-109.95316,36.42281],[-109.95061,36.42105],[-109.94783,36.4207],[-109.94462,36.41918],[-109.94082,36.41893],[-109.93578,36.42167],[-109.931,36.42224],[-109.9293,36.4214],[-109.92863,36.42044],[-109.92859,36.4152],[-109.93111,36.40897],[-109.93319,36.4061],[-109.93156,36.40261],[-109.93078,36.39871],[-109.93111,36.39624],[-109.92851,36.3941],[-109.92362,36.39194],[-109.92167,36.3887],[-109.91651,36.38494],[-109.91013,36.38472],[-109.90636,36.38727],[-109.90464,36.38746],[-109.90122,36.38618],[-109.89509,36.38569],[-109.89198,36.38484],[-109.88694,36.38498],[-109.88462,36.38403],[-109.88363,36.38289],[-109.88316,36.37876],[-109.88175,36.37533],[-109.88005,36.37416],[-109.87773,36.3737],[-109.8711,36.37386],[-109.86689,36.37713],[-109.86322,36.37723],[-109.86046,36.37894],[-109.85921,36.37842],[-109.8515,36.37922],[-109.84212,36.37899],[-109.83786,36.37797],[-109.83684,36.37712],[-109.83577,36.37488],[-109.83876,36.37193],[-109.83845,36.36876],[-109.84127,36.36552],[-109.84231,36.3617],[-109.84155,36.36064],[-109.83419,36.35697],[-109.83313,36.35549],[-109.83342,36.35307],[-109.8311,36.35123],[-109.82882,36.34802],[-109.82901,36.34344],[-109.83011,36.34113],[-109.82835,36.33684],[-109.82918,36.33412],[-109.82765,36.33219],[-109.82822,36.32973],[-109.82549,36.32706],[-109.82477,36.3231],[-109.82664,36.32195],[-109.82649,36.32018],[-109.82786,36.31665],[-109.82708,36.316],[-109.82141,36.31498],[-109.81944,36.31321],[-109.81875,36.31123],[-109.81512,36.30911],[-109.81169,36.30332],[-109.8108,36.29958],[-109.80952,36.29881],[-109.81013,36.29777],[-109.80875,36.29329],[-109.81044,36.28662],[-109.80931,36.28215],[-109.81113,36.2799],[-109.81137,36.27752],[-109.81251,36.27494],[-109.81154,36.26917],[-109.81246,36.26689],[-109.81142,36.26411],[-109.81433,36.26369],[-109.81767,36.26184],[-109.82015,36.26178],[-109.82213,36.25873],[-109.82905,36.25328],[-109.82791,36.25044],[-109.82813,36.2463],[-109.83412,36.24326],[-109.83652,36.23724],[-109.83988,36.23586],[-109.84484,36.23548],[-109.84693,36.234],[-109.84808,36.23108],[-109.84803,36.22794],[-109.8472,36.22647],[-109.84566,36.22563],[-109.84482,36.21883],[-109.84579,36.21645],[-109.84839,36.21499],[-109.84895,36.20929],[-109.85058,36.20566],[-109.85532,36.20262],[-109.85942,36.19879],[-109.8641,36.19841],[-109.86806,36.19465],[-109.86983,36.19094],[-109.87274,36.18776],[-109.87434,36.18766],[-109.87892,36.1899],[-109.8819,36.18899],[-109.88266,36.18722],[-109.8844,36.18598],[-109.88698,36.18239],[-109.88779,36.17689],[-109.89449,36.17312],[-109.89609,36.17077],[-109.89902,36.16942],[-109.89964,36.16811],[-109.90346,36.16481],[-109.90425,36.16195],[-109.91353,36.15813],[-109.91455,36.15698],[-109.91469,36.15565],[-109.91683,36.1554],[-109.92054,36.15152],[-109.92102,36.14935],[-109.92042,36.14662],[-109.91742,36.14561],[-109.9153,36.14328],[-109.91624,36.14049],[-109.91893,36.13726],[-109.92633,36.13295],[-109.92905,36.12771],[-109.93009,36.12654],[-109.93271,36.1253],[-109.93565,36.12185],[-109.93898,36.12197],[-109.94102,36.12054],[-109.9444,36.12061],[-109.94572,36.11906],[-109.94833,36.11796],[-109.95402,36.1135],[-109.95721,36.10905],[-109.95837,36.10831],[-109.95776,36.10731],[-109.95914,36.10334],[-109.95821,36.10145],[-109.9591,36.09965],[-109.95849,36.09753],[-109.95947,36.09139],[-109.95429,36.08701],[-109.95408,36.0817],[-109.9553,36.07926],[-109.95396,36.07319],[-109.95446,36.07018],[-109.95355,36.06888],[-109.95345,36.06734],[-109.95195,36.06629],[-109.95072,36.06365],[-109.95057,36.05612],[-109.95138,36.05132],[-109.95016,36.04967],[-109.95041,36.04782],[-109.9491,36.04603],[-109.94905,36.04427],[-109.94746,36.04225],[-109.94735,36.04065],[-109.93996,36.04007],[-109.93747,36.0407],[-109.93533,36.03943],[-109.93159,36.03899],[-109.93071,36.03756],[-109.92865,36.03693],[-109.92583,36.03452],[-109.923,36.03411],[-109.92113,36.03211],[-109.91703,36.03294],[-109.91259,36.03131],[-109.91048,36.02893],[-109.90781,36.02928],[-109.90509,36.02568],[-109.9061,36.0203],[-109.90418,36.01847],[-109.90319,36.01684],[-109.90317,36.01547],[-109.90161,36.01334],[-109.90143,36.00723],[-109.90065,36.00425],[-109.9016,35.99869],[-109.89834,35.99658],[-109.89831,35.99511],[-109.89902,35.99416],[-109.89807,35.99222],[-109.88966,35.98512],[-109.8872,35.97863],[-109.88586,35.97753],[-109.8856,35.97408],[-109.88395,35.96975],[-109.87868,35.96668],[-109.87304,35.95919],[-109.87162,35.95603],[-109.87117,35.95359],[-109.87284,35.95033],[-109.87186,35.94803],[-109.8682,35.94345],[-109.86763,35.9412],[-109.86785,35.9383],[-109.86667,35.93502],[-109.86674,35.93344],[-109.86912,35.93113],[-109.86713,35.92942],[-109.86762,35.92612],[-109.86506,35.91942],[-109.86231,35.91692],[-109.85922,35.9117],[-109.85859,35.90253],[-109.85711,35.90104],[-109.85751,35.89967],[-109.856,35.89918],[-109.854,35.89506],[-109.85511,35.89005],[-109.85241,35.88638],[-109.83916,35.88275],[-109.83773,35.87903],[-109.83833,35.87485],[-109.83569,35.8737],[-109.83484,35.87252],[-109.8354,35.87115],[-109.83447,35.86846],[-109.83492,35.86595],[-109.83082,35.86043],[-109.83032,35.85894],[-109.83101,35.85695],[-109.83414,35.85545],[-109.84093,35.85447],[-109.84371,35.85328],[-109.8464,35.85374],[-109.84968,35.85601],[-109.85248,35.85618],[-109.85372,35.85555],[-109.85488,35.85357],[-109.85502,35.85078],[-109.85427,35.84789],[-109.85584,35.84654],[-109.85705,35.84396],[-109.85446,35.83682],[-109.85513,35.83209],[-109.85464,35.829],[-109.85296,35.82668],[-109.85353,35.82464],[-109.85707,35.82272],[-109.85726,35.82126],[-109.85539,35.82049],[-109.85114,35.82091],[-109.85103,35.81683],[-109.84713,35.8171],[-109.84619,35.81667],[-109.84617,35.81559],[-109.84741,35.81355],[-109.84781,35.80918],[-109.84525,35.804],[-109.8435,35.8043],[-109.839,35.8067],[-109.83559,35.80623],[-109.83359,35.80465],[-109.83184,35.80177],[-109.83254,35.79964],[-109.83217,35.79857],[-109.82483,35.79356],[-109.82143,35.79269],[-109.81739,35.79446],[-109.81225,35.7945],[-109.80855,35.79748],[-109.80494,35.79822],[-109.80245,35.79562],[-109.79597,35.79164],[-109.79546,35.78644],[-109.7942,35.78657],[-109.79231,35.7884],[-109.78911,35.78764],[-109.78991,35.78582],[-109.79622,35.78012],[-109.79478,35.77687],[-109.79113,35.77464],[-109.78954,35.77067],[-109.78823,35.77022],[-109.78626,35.77157],[-109.78517,35.77162],[-109.78356,35.76991],[-109.7797,35.76922],[-109.77729,35.76747],[-109.77494,35.76723],[-109.77412,35.76598],[-109.77208,35.76561],[-109.76423,35.76727],[-109.76423,35.76564],[-109.76576,35.762],[-109.76548,35.75959],[-109.76269,35.75637],[-109.75959,35.75626],[-109.75529,35.75139],[-109.75386,35.7515],[-109.74801,35.75685],[-109.74375,35.75693],[-109.74156,35.75818],[-109.73579,35.7557],[-109.7309,35.75596],[-109.72515,35.75826],[-109.72201,35.7588],[-109.72072,35.75486],[-109.71898,35.75268],[-109.71901,35.7458],[-109.71877,35.74425],[-109.71735,35.7427],[-109.71789,35.73766],[-109.71696,35.73616],[-109.70793,35.73784],[-109.70254,35.73619],[-109.70051,35.73701],[-109.69686,35.73951],[-109.69493,35.74411],[-109.69262,35.74699],[-109.68247,35.75567],[-109.68088,35.75791],[-109.68079,35.75946],[-109.67832,35.7623],[-109.6713,35.7651],[-109.66762,35.76725],[-109.66522,35.76732],[-109.66282,35.76855],[-109.66152,35.76675],[-109.66201,35.75976],[-109.66048,35.75601],[-109.66124,35.75435],[-109.66007,35.74938],[-109.65902,35.74859],[-109.6596,35.74719],[-109.65555,35.74538],[-109.65073,35.74489],[-109.6461,35.74569],[-109.63961,35.74543],[-109.62404,35.7421],[-109.62246,35.74327],[-109.61962,35.74821],[-109.61473,35.75023],[-109.61132,35.7533],[-109.60675,35.75558],[-109.60557,35.75701],[-109.6012,35.75821],[-109.59619,35.75821],[-109.59293,35.75946],[-109.58945,35.76213],[-109.5887,35.76587],[-109.58352,35.76681],[-109.57983,35.76846],[-109.57927,35.76998],[-109.57717,35.77226],[-109.5761,35.77508],[-109.57621,35.77691],[-109.57859,35.7782],[-109.57858,35.77925],[-109.57689,35.78051],[-109.57594,35.78306],[-109.57323,35.78484],[-109.56797,35.78668],[-109.56626,35.78945],[-109.56401,35.79103],[-109.56143,35.7943],[-109.56076,35.80117],[-109.55497,35.80626],[-109.55113,35.81463],[-109.55045,35.81854],[-109.54868,35.81972],[-109.54418,35.81943],[-109.54244,35.8186],[-109.54224,35.81429],[-109.53945,35.81139],[-109.53844,35.80791],[-109.5355,35.80544],[-109.53313,35.80192],[-109.52922,35.79875],[-109.52746,35.79793],[-109.52201,35.79979],[-109.51995,35.79976],[-109.51775,35.79562],[-109.51543,35.79477],[-109.51285,35.79477],[-109.512,35.7929],[-109.51125,35.79262],[-109.50796,35.79445],[-109.50383,35.79517],[-109.5016,35.79679],[-109.49702,35.79717],[-109.48774,35.80573],[-109.48673,35.81056],[-109.47374,35.81202],[-109.46515,35.81787],[-109.46381,35.82007],[-109.46041,35.82125],[-109.45871,35.82334],[-109.45726,35.82316],[-109.45561,35.82154],[-109.45086,35.82057],[-109.44688,35.81867],[-109.44323,35.81778],[-109.44158,35.81658],[-109.43769,35.816],[-109.43083,35.82283],[-109.4302,35.82413],[-109.42573,35.82548],[-109.42286,35.83058],[-109.42,35.8327],[-109.4189,35.83431],[-109.41428,35.83692],[-109.41208,35.84179],[-109.41033,35.84301],[-109.40869,35.84535],[-109.40856,35.84952],[-109.40606,35.85268],[-109.40258,35.85455],[-109.39797,35.85817],[-109.39115,35.85975],[-109.39006,35.86335],[-109.38603,35.86611],[-109.38383,35.86919],[-109.37592,35.87296],[-109.37236,35.87537],[-109.36754,35.87695],[-109.36554,35.87891],[-109.35945,35.88203],[-109.35547,35.88834],[-109.35015,35.89346],[-109.34849,35.89443],[-109.34445,35.89496],[-109.34151,35.89662],[-109.33416,35.89721],[-109.32625,35.8962],[-109.32385,35.89698],[-109.31792,35.89322],[-109.3053,35.89184],[-109.30261,35.89316],[-109.29999,35.8935],[-109.2967,35.89366],[-109.29235,35.89285],[-109.28825,35.8946],[-109.2811,35.89461],[-109.2765,35.89728],[-109.27435,35.89938],[-109.27254,35.89995],[-109.26888,35.89679],[-109.26651,35.89302],[-109.26449,35.89125],[-109.26006,35.8815],[-109.25761,35.88371],[-109.25542,35.88427],[-109.25447,35.88615],[-109.25224,35.88698],[-109.2496,35.88634],[-109.24688,35.88931],[-109.24292,35.8915],[-109.24106,35.89173],[-109.23916,35.89126],[-109.23539,35.88892],[-109.23152,35.88872],[-109.22974,35.88721],[-109.21828,35.88664],[-109.21245,35.8835],[-109.20945,35.88303],[-109.20701,35.88145],[-109.206,35.88142],[-109.20417,35.88341],[-109.20357,35.88768],[-109.20015,35.89307],[-109.19916,35.89757],[-109.19991,35.90216],[-109.19917,35.9036],[-109.19729,35.90487],[-109.19226,35.90659],[-109.18454,35.91518],[-109.1701,35.92479],[-109.16572,35.93104],[-109.16516,35.934],[-109.16224,35.93627],[-109.16077,35.93892],[-109.15284,35.93843],[-109.15065,35.93758],[-109.14763,35.93875],[-109.14344,35.94196],[-109.13405,35.94669],[-109.13182,35.94699],[-109.12956,35.94589],[-109.12781,35.94592],[-109.12462,35.94812],[-109.12117,35.95174],[-109.11765,35.95813],[-109.11426,35.95948],[-109.10519,35.96701],[-109.10242,35.97441],[-109.10027,35.97724],[-109.09951,35.97949],[-109.09826,35.98043],[-109.09677,35.98337],[-109.093,35.98513],[-109.09278,35.98825],[-109.09192,35.98974],[-109.09335,35.99263],[-109.09316,35.99771],[-109.09833,36.00309],[-109.09965,36.00589],[-109.09974,36.00804],[-109.09865,36.00898],[-109.09345,36.01026],[-109.08866,36.01503],[-109.07886,36.01948],[-109.07,36.02563],[-109.05541,36.03094],[-109.04523,36.03377],[-109.04313,36.0325],[-109.04099,36.02944],[-109.03829,36.02696],[-109.03923,36.0254],[-109.03904,36.02437],[-109.03695,36.02154],[-109.0367,36.02],[-109.03471,36.01807],[-109.0344,36.01688],[-109.0306,36.01201],[-109.02479,36.00762],[-109.02066,36.00343],[-109.01945,35.99806],[-109.01816,35.99529],[-109.02282,35.99182],[-109.02618,35.98828],[-109.02627,35.98746],[-109.02307,35.98809],[-109.01973,35.98762],[-109.01706,35.98871],[-109.01314,35.98706],[-109.0078,35.98866],[-108.9985,35.98535],[-108.99689,35.98575],[-108.9927,35.9892],[-108.98738,35.98908],[-108.98064,35.98586],[-108.98146,35.98243],[-108.98035,35.98127],[-108.97765,35.98187],[-108.97627,35.98153],[-108.97527,35.98229],[-108.97253,35.981],[-108.9713,35.98171],[-108.96999,35.98154],[-108.96864,35.98275],[-108.96468,35.9846],[-108.96337,35.98454],[-108.96169,35.98579],[-108.95904,35.9851],[-108.95811,35.98366],[-108.95071,35.98628],[-108.9467,35.98664],[-108.94599,35.98711],[-108.94576,35.98876],[-108.94671,35.99033],[-108.94421,35.99326],[-108.9429,35.99642],[-108.93957,36.00011],[-108.93791,36.00084],[-108.93364,35.99933],[-108.93292,36.0029],[-108.93008,36.00447],[-108.92769,36.00231],[-108.92464,36.00276],[-108.92207,36.00587],[-108.91972,36.00685],[-108.91722,36.01492],[-108.91346,36.01717],[-108.91202,36.01918],[-108.90887,36.01887],[-108.90784,36.02322],[-108.90714,36.02416],[-108.90459,36.02535],[-108.90284,36.02746],[-108.9029,36.02926],[-108.9064,36.03084],[-108.90492,36.0316],[-108.9023,36.039],[-108.90312,36.0426],[-108.8987,36.04568],[-108.89766,36.04745],[-108.89538,36.04794],[-108.89517,36.05124],[-108.89261,36.05246],[-108.89287,36.05679],[-108.89224,36.05884],[-108.89493,36.06158],[-108.89518,36.06368],[-108.89374,36.06385],[-108.89283,36.06558],[-108.88397,36.06633],[-108.88167,36.06403],[-108.87591,36.06542],[-108.873,36.06391],[-108.86886,36.06518],[-108.86558,36.0651],[-108.86488,36.06476],[-108.86458,36.06344],[-108.8652,36.06149],[-108.86171,36.0609],[-108.85937,36.06146],[-108.85758,36.06269],[-108.85789,36.06371],[-108.85496,36.07136],[-108.85564,36.07302],[-108.8595,36.07638],[-108.85607,36.08374],[-108.85326,36.08624],[-108.85971,36.08986],[-108.87075,36.09395],[-108.86947,36.09796],[-108.86568,36.10433],[-108.86501,36.10767],[-108.8662,36.10911],[-108.87622,36.11238],[-108.88617,36.11009],[-108.88835,36.11237],[-108.88958,36.11508],[-108.89098,36.1156],[-108.89418,36.11562],[-108.8956,36.11425],[-108.89844,36.11374],[-108.90163,36.11585],[-108.90462,36.11508],[-108.90982,36.11119],[-108.91095,36.10788],[-108.91498,36.10558],[-108.91647,36.10313],[-108.91972,36.10222],[-108.92221,36.09961],[-108.92741,36.10158],[-108.93188,36.09905],[-108.93421,36.09869],[-108.93874,36.1004],[-108.9418,36.10016],[-108.94409,36.10245],[-108.94459,36.1065],[-108.94255,36.11089],[-108.941,36.1121],[-108.93859,36.11269],[-108.93605,36.1154],[-108.93792,36.11935],[-108.93753,36.12149],[-108.93958,36.12658],[-108.93947,36.12967],[-108.94107,36.1301],[-108.94366,36.12953],[-108.94667,36.13073],[-108.94757,36.13181],[-108.94998,36.13242],[-108.95326,36.13852],[-108.95497,36.13916],[-108.95448,36.14153],[-108.95491,36.14245],[-108.96063,36.14588],[-108.96309,36.14995],[-108.96054,36.15378],[-108.95803,36.1559],[-108.95234,36.15532],[-108.95078,36.15961],[-108.94758,36.16194],[-108.94792,36.1656],[-108.94661,36.16719],[-108.94596,36.16946],[-108.94597,36.17279],[-108.94732,36.17502],[-108.94476,36.18024],[-108.94485,36.18219],[-108.94632,36.18443],[-108.94701,36.18737],[-108.94616,36.18837],[-108.94285,36.18921],[-108.94203,36.19152],[-108.94043,36.19255],[-108.94186,36.19404],[-108.94338,36.19917],[-108.94272,36.20113],[-108.94024,36.20464],[-108.94023,36.2063],[-108.94311,36.21013],[-108.9436,36.21548],[-108.95055,36.21748],[-108.95064,36.21982],[-108.94699,36.22181],[-108.94391,36.22199],[-108.93699,36.2241],[-108.93566,36.22594],[-108.9354,36.2282],[-108.93829,36.23177],[-108.94086,36.23236],[-108.94234,36.23368],[-108.94301,36.2335],[-108.94356,36.23208],[-108.94566,36.23103],[-108.9486,36.23124],[-108.95025,36.23246],[-108.94895,36.23665],[-108.94654,36.23879],[-108.94597,36.24054],[-108.94977,36.24117],[-108.95,36.24337],[-108.95154,36.24552],[-108.95152,36.24674],[-108.95326,36.24792],[-108.95204,36.24993],[-108.95286,36.25505],[-108.95755,36.25446],[-108.95938,36.25328],[-108.96106,36.25432],[-108.96326,36.25415],[-108.96959,36.25107],[-108.97165,36.251],[-108.97192,36.25164],[-108.9718,36.25582],[-108.96822,36.25728],[-108.96857,36.26134],[-108.96429,36.26204],[-108.96307,36.26441],[-108.96043,36.26529],[-108.96131,36.26854],[-108.96051,36.27086],[-108.95806,36.27342],[-108.9582,36.27524],[-108.95584,36.27641],[-108.95553,36.27856],[-108.95655,36.2799],[-108.95685,36.28194],[-108.9562,36.28266],[-108.95636,36.28363],[-108.96001,36.28716],[-108.96303,36.28777],[-108.96519,36.29084],[-108.9684,36.29016],[-108.96924,36.29053],[-108.97156,36.29543],[-108.97432,36.29785],[-108.97916,36.30079],[-108.98368,36.30266],[-108.98232,36.30697],[-108.98039,36.30707],[-108.97891,36.30804],[-108.97906,36.31582],[-108.97839,36.31806],[-108.9792,36.32059],[-108.98327,36.31973],[-108.98674,36.31999],[-108.9889,36.32205],[-108.99442,36.3245],[-108.99756,36.32484],[-108.99954,36.32353],[-109.00134,36.32354],[-109.00191,36.32676],[-109.00303,36.32797],[-109.00591,36.3278],[-109.009,36.3289],[-109.01098,36.32847],[-109.01181,36.32698],[-109.0159,36.32575],[-109.01689,36.32441],[-109.02143,36.3217],[-109.02242,36.32022],[-109.02238,36.31834],[-109.02594,36.31823],[-109.02653,36.31925],[-109.02826,36.3193],[-109.02963,36.31753],[-109.03422,36.31616],[-109.03535,36.31293],[-109.03856,36.31113],[-109.04326,36.3115],[-109.04853,36.31322],[-109.05189,36.31185],[-109.05321,36.3129],[-109.05752,36.31365],[-109.06487,36.31148],[-109.06351,36.31493],[-109.06325,36.31803],[-109.05456,36.3198],[-109.05103,36.3235],[-109.04928,36.32418],[-109.0448,36.32817],[-109.04426,36.33118],[-109.0449,36.33589],[-109.04452,36.3372],[-109.04657,36.33802],[-109.04484,36.33949],[-109.04317,36.34303],[-109.04311,36.34849],[-109.04424,36.34922],[-109.04666,36.34884],[-109.04848,36.35062],[-109.05012,36.35324],[-109.04918,36.356],[-109.04967,36.35705],[-109.05529,36.35714],[-109.05696,36.35933],[-109.05848,36.35975],[-109.06438,36.35971],[-109.06977,36.36134],[-109.07257,36.36096],[-109.07399,36.36231],[-109.07428,36.36398],[-109.07601,36.36555],[-109.07621,36.36754],[-109.07489,36.37021],[-109.07255,36.37209],[-109.07199,36.37366],[-109.06815,36.37619],[-109.06702,36.37764],[-109.06434,36.37895],[-109.06277,36.38378],[-109.06458,36.3893],[-109.06219,36.39434],[-109.05513,36.39687],[-109.06275,36.39985],[-109.06127,36.40167],[-109.05982,36.40705],[-109.05998,36.40949],[-109.05904,36.411],[-109.06001,36.41327],[-109.06597,36.41375],[-109.06902,36.41554],[-109.07614,36.41471],[-109.07676,36.41639],[-109.07975,36.41801],[-109.08294,36.42135],[-109.08651,36.42369],[-109.08485,36.42637],[-109.0842,36.42915],[-109.07805,36.4388],[-109.07992,36.4413],[-109.08359,36.44158],[-109.08475,36.44228],[-109.08851,36.44961],[-109.0885,36.4524],[-109.08949,36.45492],[-109.09224,36.45728],[-109.09314,36.46012],[-109.09648,36.46113],[-109.10243,36.46033],[-109.10892,36.46157],[-109.11154,36.4609],[-109.11234,36.46297],[-109.11438,36.46471],[-109.11565,36.46794],[-109.11797,36.4689],[-109.12355,36.46585],[-109.12975,36.46498],[-109.13383,36.46487],[-109.13674,36.4676],[-109.13845,36.46806],[-109.14185,36.4679],[-109.1451,36.46598],[-109.15128,36.46727],[-109.15226,36.46842],[-109.1524,36.47032],[-109.15408,36.47415],[-109.15657,36.47756],[-109.15941,36.4801],[-109.16026,36.48038],[-109.16472,36.4784],[-109.16885,36.47748],[-109.1715,36.47778],[-109.17345,36.47908],[-109.17397,36.48127],[-109.17241,36.48685],[-109.17449,36.48889],[-109.17481,36.49014],[-109.17416,36.49146],[-109.17538,36.49341],[-109.17681,36.49393],[-109.18184,36.49344],[-109.19125,36.49729],[-109.19867,36.49815],[-109.19961,36.50251],[-109.20741,36.50154],[-109.21772,36.49588],[-109.21979,36.4965],[-109.23014,36.49684],[-109.23489,36.49819],[-109.23911,36.50206],[-109.24234,36.50225],[-109.24326,36.50387],[-109.2466,36.50675],[-109.24741,36.50923],[-109.25074,36.50824],[-109.25824,36.51058],[-109.26116,36.5102],[-109.26356,36.5136],[-109.26902,36.51576],[-109.27201,36.52066],[-109.27492,36.52283],[-109.2748,36.52881],[-109.27656,36.53066],[-109.27589,36.53244],[-109.27709,36.53433],[-109.27634,36.5356],[-109.27766,36.53753],[-109.27753,36.53919],[-109.27858,36.54042],[-109.28552,36.54408],[-109.28652,36.54817],[-109.28828,36.55023],[-109.28966,36.55064],[-109.28979,36.55327],[-109.29106,36.55601],[-109.29457,36.55917],[-109.29483,36.56033],[-109.29028,36.56294],[-109.28665,36.5689],[-109.28272,36.56909],[-109.28024,36.57047],[-109.27835,36.57242],[-109.27774,36.57403],[-109.27822,36.57607],[-109.27525,36.58054],[-109.26865,36.58135],[-109.26769,36.58222],[-109.2685,36.58344],[-109.2728,36.58309],[-109.27766,36.58693],[-109.27622,36.58799],[-109.27518,36.59045],[-109.27553,36.59385],[-109.27408,36.59606],[-109.27345,36.60028],[-109.27233,36.60207],[-109.27457,36.60679],[-109.27538,36.61189],[-109.27426,36.61429],[-109.27113,36.61726],[-109.27144,36.61995],[-109.26837,36.62465],[-109.2684,36.62705],[-109.2675,36.62857],[-109.26711,36.63166],[-109.26766,36.63254],[-109.26998,36.63179],[-109.27175,36.63256],[-109.27351,36.63587],[-109.27243,36.64007],[-109.27254,36.64472],[-109.27446,36.64676],[-109.27294,36.65017],[-109.27045,36.65193],[-109.27018,36.65374],[-109.26822,36.65579],[-109.26561,36.65561],[-109.26436,36.65623],[-109.25928,36.66284],[-109.25824,36.66909],[-109.25311,36.67629],[-109.25507,36.68232],[-109.25375,36.68483],[-109.25135,36.68616],[-109.24966,36.68922],[-109.24535,36.69178],[-109.24452,36.69297],[-109.24246,36.69378],[-109.24528,36.69672],[-109.24657,36.69708],[-109.24613,36.70018],[-109.24818,36.70261],[-109.24805,36.70498],[-109.25033,36.70536],[-109.25206,36.70443],[-109.25455,36.70495],[-109.25499,36.70775],[-109.25755,36.71051],[-109.25685,36.71226],[-109.26036,36.71443],[-109.25921,36.71593],[-109.25997,36.72049],[-109.25665,36.72595],[-109.25477,36.72608],[-109.25349,36.72735],[-109.2514,36.72773],[-109.24931,36.72913],[-109.24658,36.72895],[-109.24069,36.72477],[-109.23595,36.72995],[-109.2267,36.73406],[-109.22424,36.73596],[-109.22283,36.73803],[-109.21738,36.74013],[-109.21572,36.74141],[-109.21324,36.74435],[-109.21313,36.74529],[-109.20765,36.74806],[-109.20794,36.7517],[-109.20618,36.75328],[-109.20446,36.75651],[-109.20516,36.75898],[-109.20324,36.76249],[-109.20793,36.76767],[-109.20806,36.77316],[-109.20513,36.77492],[-109.202,36.77557],[-109.2002,36.77323],[-109.19838,36.77246],[-109.19475,36.77258],[-109.19308,36.77172],[-109.18782,36.77316],[-109.1855,36.77603],[-109.18523,36.78149],[-109.18417,36.78367],[-109.18073,36.78661],[-109.17901,36.78972],[-109.17644,36.79111],[-109.17413,36.79349],[-109.17424,36.79927],[-109.17337,36.80222],[-109.17585,36.80106],[-109.17872,36.80085],[-109.17973,36.79716],[-109.18096,36.79593],[-109.18243,36.79552],[-109.188,36.79802],[-109.19026,36.79999],[-109.19288,36.80071],[-109.19384,36.80186],[-109.1918,36.80554],[-109.1925,36.80696],[-109.1939,36.80795],[-109.19397,36.80964],[-109.19225,36.81359],[-109.19338,36.81606],[-109.19559,36.81744],[-109.19736,36.81661],[-109.2024,36.81661],[-109.20706,36.81893],[-109.21166,36.81986],[-109.2167,36.8194],[-109.22082,36.82001],[-109.23046,36.81821],[-109.23602,36.81963],[-109.24563,36.81942],[-109.25455,36.82016],[-109.26781,36.82307],[-109.27551,36.82577],[-109.28189,36.82665],[-109.28537,36.82881],[-109.29146,36.82947],[-109.2943,36.8315],[-109.29748,36.83085],[-109.29969,36.83155],[-109.30205,36.84057],[-109.30072,36.85245],[-109.3015,36.85444],[-109.30376,36.85654],[-109.30535,36.85931],[-109.30529,36.86664],[-109.30648,36.87071],[-109.3094,36.87629],[-109.30838,36.88042],[-109.30858,36.88199],[-109.31082,36.88252],[-109.31164,36.88616],[-109.31809,36.89221],[-109.31917,36.89232],[-109.32484,36.88888],[-109.34263,36.89154],[-109.34722,36.89106],[-109.36144,36.89583],[-109.36309,36.89687],[-109.36358,36.89928],[-109.36704,36.90004],[-109.36863,36.89866],[-109.37163,36.89962],[-109.37454,36.89904],[-109.37552,36.90056],[-109.3777,36.90123],[-109.37728,36.90353],[-109.37923,36.90613],[-109.39018,36.90405],[-109.39892,36.90717],[-109.40664,36.90692],[-109.40882,36.90781],[-109.41106,36.91089],[-109.41339,36.91132],[-109.41932,36.91433],[-109.42331,36.91553],[-109.4414,36.91463],[-109.447,36.91886],[-109.44689,36.92109],[-109.44917,36.92234],[-109.45054,36.92396],[-109.44783,36.92749],[-109.44822,36.92887],[-109.45081,36.93104],[-109.45626,36.92979],[-109.45831,36.93031],[-109.45893,36.93196],[-109.46418,36.93298],[-109.4684,36.93553],[-109.46977,36.93476],[-109.47246,36.93537],[-109.47389,36.93676],[-109.47637,36.93729],[-109.47775,36.94007],[-109.47929,36.93956],[-109.4811,36.93983],[-109.48353,36.94282],[-109.48734,36.94298],[-109.49125,36.9445],[-109.49392,36.94594],[-109.49498,36.94786],[-109.49881,36.94636],[-109.50453,36.94557],[-109.50665,36.94419],[-109.50809,36.94497],[-109.50832,36.94698],[-109.50964,36.94746],[-109.50966,36.9499],[-109.51255,36.95215],[-109.52099,36.9512],[-109.5283,36.95283],[-109.53104,36.95165],[-109.53244,36.95339],[-109.53256,36.95561],[-109.52918,36.96115],[-109.52953,36.96298],[-109.53163,36.96344],[-109.5351,36.96269],[-109.53819,36.96393],[-109.53964,36.96336],[-109.54139,36.964],[-109.54368,36.96335],[-109.5463,36.96528],[-109.5489,36.96406],[-109.54984,36.96506],[-109.55144,36.96508],[-109.55396,36.96342],[-109.5575,36.96368],[-109.56162,36.96626],[-109.56568,36.97026],[-109.56814,36.97127],[-109.56787,36.97511],[-109.56951,36.97913],[-109.57231,36.97906],[-109.57533,36.97794],[-109.57608,36.97958],[-109.57792,36.97985],[-109.58208,36.97891],[-109.58314,36.97698],[-109.58463,36.97718],[-109.58557,36.97974],[-109.58539,36.98114],[-109.58221,36.9863],[-109.57567,36.99424],[-109.57624,36.99635],[-109.57556,37.00181],[-109.57797,37.00778],[-109.57993,37.00936],[-109.58655,37.00966],[-109.58784,37.01201],[-109.58523,37.01459],[-109.58737,37.01969],[-109.57997,37.02609],[-109.57911,37.02868],[-109.57932,37.03019],[-109.58048,37.03064],[-109.58674,37.02938],[-109.58869,37.03053],[-109.59069,37.0332],[-109.59163,37.04012],[-109.59358,37.04163],[-109.59361,37.04408],[-109.59236,37.0458],[-109.5935,37.04753],[-109.5956,37.04803],[-109.59578,37.04866],[-109.59575,37.0516],[-109.5947,37.0534],[-109.5954,37.0553],[-109.59813,37.0546],[-109.60016,37.05285],[-109.60212,37.05377],[-109.60193,37.0523],[-109.60282,37.05176],[-109.60468,37.05182],[-109.60796,37.05333],[-109.60903,37.05425],[-109.60861,37.05646],[-109.60966,37.05636],[-109.61109,37.05785],[-109.6129,37.05779],[-109.61002,37.06436],[-109.61234,37.06471],[-109.61302,37.06567],[-109.6126,37.06637],[-109.61541,37.06748],[-109.6174,37.06946],[-109.61816,37.07131],[-109.61736,37.07165],[-109.61935,37.07319],[-109.61937,37.07388],[-109.62622,37.07532],[-109.63099,37.07296],[-109.63213,37.07498],[-109.63162,37.07864],[-109.63273,37.08336],[-109.6371,37.08428],[-109.64,37.08372],[-109.64303,37.08412],[-109.64701,37.08296],[-109.64563,37.08595],[-109.65075,37.08853],[-109.65223,37.09232],[-109.6545,37.09458],[-109.65674,37.09574],[-109.65723,37.09831],[-109.65667,37.10023],[-109.65851,37.10314],[-109.65603,37.10611],[-109.6568,37.10809],[-109.65601,37.11202],[-109.65694,37.11394],[-109.6584,37.11485],[-109.65616,37.1149],[-109.65469,37.11649],[-109.65445,37.12097],[-109.65347,37.12382],[-109.65493,37.12749],[-109.65611,37.12954],[-109.66191,37.13362],[-109.66424,37.13612],[-109.66614,37.1408],[-109.66565,37.14291],[-109.66649,37.14482],[-109.6747,37.14473],[-109.67551,37.14694],[-109.67724,37.1487],[-109.67841,37.14649],[-109.67992,37.14572],[-109.68296,37.14514],[-109.68441,37.14629],[-109.68445,37.14869],[-109.68382,37.149],[-109.6838,37.15061],[-109.68236,37.15374],[-109.68538,37.15405],[-109.68384,37.15602],[-109.68564,37.16005],[-109.68302,37.16283],[-109.67893,37.16379],[-109.67837,37.16491],[-109.67839,37.16994],[-109.67948,37.17116],[-109.68271,37.17228],[-109.68298,37.17484],[-109.6822,37.17717],[-109.68265,37.17932],[-109.67613,37.18442],[-109.67179,37.19008],[-109.67116,37.19342],[-109.67195,37.19692],[-109.67078,37.19877],[-109.6709,37.20017],[-109.67422,37.20454],[-109.67691,37.20461],[-109.67797,37.20759],[-109.68118,37.21017],[-109.68213,37.21253],[-109.68548,37.21198],[-109.68873,37.21263]]]}},{"type":"Feature","properties":{"name":"Lower San Juan","huc8":"14080205"},"geometry":{"type":"Polygon","coordinates":[[[-109.84638,37.62838],[-109.84632,37.62999],[-109.8484,37.633],[-109.84932,37.6318],[-109.85259,37.63014],[-109.85408,37.62841],[-109.85632,37.62806],[-109.85716,37.62639],[-109.85904,37.6256],[-109.86085,37.62573],[-109.86253,37.62353],[-109.86488,37.62227],[-109.86681,37.62025],[-109.86982,37.61882],[-109.87215,37.61626],[-109.87794,37.61438],[-109.88039,37.61223],[-109.88527,37.61116],[-109.88696,37.60861],[-109.89213,37.6068],[-109.89597,37.6045],[-109.89781,37.60401],[-109.89914,37.6044],[-109.90098,37.60273],[-109.90509,37.60183],[-109.90992,37.59838],[-109.90975,37.5934],[-109.91235,37.59135],[-109.91293,37.58964],[-109.9145,37.58846],[-109.91508,37.58222],[-109.91669,37.57927],[-109.92005,37.57589],[-109.92291,37.57139],[-109.92437,37.57013],[-109.92478,37.56849],[-109.92771,37.56411],[-109.93119,37.56099],[-109.93358,37.55501],[-109.93383,37.55248],[-109.93793,37.5519],[-109.94032,37.5479],[-109.94283,37.54592],[-109.94334,37.54281],[-109.94175,37.54051],[-109.9445,37.54144],[-109.94975,37.5407],[-109.96203,37.54128],[-109.96678,37.54029],[-109.97056,37.54089],[-109.97282,37.54018],[-109.97918,37.54261],[-109.98361,37.54637],[-109.99243,37.55055],[-109.99322,37.55193],[-109.99905,37.55614],[-110.00259,37.55776],[-110.00945,37.55694],[-110.01349,37.55503],[-110.01612,37.55297],[-110.01925,37.55343],[-110.0215,37.55584],[-110.03152,37.56066],[-110.03293,37.5598],[-110.03474,37.56],[-110.03805,37.55901],[-110.04094,37.55688],[-110.05116,37.55622],[-110.05198,37.55589],[-110.05346,37.55093],[-110.05451,37.54973],[-110.0612,37.54985],[-110.06435,37.54852],[-110.06687,37.54926],[-110.06982,37.54837],[-110.07067,37.54751],[-110.07085,37.54551],[-110.07444,37.5432],[-110.07574,37.5409],[-110.07718,37.53353],[-110.08681,37.52979],[-110.08939,37.52796],[-110.09652,37.52507],[-110.10081,37.52525],[-110.10421,37.52723],[-110.1098,37.52781],[-110.11413,37.52713],[-110.11536,37.526],[-110.11709,37.52608],[-110.12225,37.52313],[-110.1261,37.52222],[-110.12797,37.51982],[-110.1303,37.51816],[-110.13051,37.51538],[-110.13211,37.51563],[-110.13389,37.51413],[-110.13912,37.51482],[-110.14163,37.511],[-110.14662,37.5115],[-110.14942,37.50965],[-110.15143,37.50937],[-110.1531,37.51028],[-110.15496,37.51037],[-110.15565,37.51182],[-110.15725,37.51255],[-110.16102,37.51286],[-110.16263,37.51175],[-110.16416,37.50941],[-110.16495,37.5049],[-110.16647,37.50311],[-110.16831,37.50215],[-110.16882,37.50026],[-110.1709,37.50085],[-110.17402,37.50052],[-110.1772,37.5018],[-110.18017,37.50403],[-110.18626,37.50376],[-110.18826,37.50467],[-110.19114,37.50376],[-110.19309,37.50482],[-110.19461,37.50472],[-110.19725,37.50069],[-110.19732,37.49923],[-110.1989,37.49702],[-110.19907,37.49576],[-110.2001,37.49444],[-110.2018,37.49385],[-110.20231,37.49187],[-110.20114,37.48995],[-110.20175,37.48869],[-110.20155,37.48704],[-110.1983,37.48218],[-110.1987,37.4805],[-110.19736,37.47902],[-110.20093,37.47785],[-110.20315,37.47611],[-110.20674,37.47493],[-110.20844,37.47533],[-110.21013,37.47473],[-110.21086,37.47398],[-110.2104,37.47142],[-110.21286,37.46884],[-110.21216,37.46649],[-110.21631,37.46385],[-110.21804,37.46047],[-110.22398,37.46437],[-110.22647,37.46322],[-110.22773,37.46535],[-110.23128,37.46889],[-110.23131,37.47016],[-110.23408,37.47303],[-110.23393,37.47421],[-110.23789,37.47632],[-110.24311,37.47555],[-110.24706,37.47583],[-110.24894,37.47673],[-110.25077,37.47911],[-110.25335,37.48058],[-110.25594,37.48064],[-110.26124,37.47935],[-110.26447,37.48044],[-110.26797,37.48314],[-110.26803,37.48539],[-110.26882,37.48632],[-110.26988,37.4867],[-110.27183,37.48581],[-110.2739,37.48719],[-110.27393,37.48864],[-110.2753,37.49045],[-110.275,37.49248],[-110.27574,37.493],[-110.2805,37.49265],[-110.28317,37.49369],[-110.28438,37.4934],[-110.2846,37.49022],[-110.28574,37.48904],[-110.28698,37.48584],[-110.28779,37.48471],[-110.29001,37.48425],[-110.29069,37.48024],[-110.29021,37.47885],[-110.29806,37.4721],[-110.30117,37.46712],[-110.30505,37.46449],[-110.30655,37.46381],[-110.30878,37.46479],[-110.30967,37.46321],[-110.3116,37.46171],[-110.31465,37.46192],[-110.31662,37.46326],[-110.31824,37.46323],[-110.32186,37.46452],[-110.32347,37.46416],[-110.32519,37.46498],[-110.33016,37.46151],[-110.33155,37.45923],[-110.33385,37.46215],[-110.33244,37.46421],[-110.33269,37.46604],[-110.33627,37.46798],[-110.33927,37.47062],[-110.33884,37.47396],[-110.34139,37.47627],[-110.34556,37.47882],[-110.35172,37.47855],[-110.35357,37.4796],[-110.35304,37.48022],[-110.354,37.481],[-110.35677,37.48143],[-110.35967,37.48323],[-110.36251,37.4836],[-110.36587,37.48105],[-110.36802,37.47771],[-110.37149,37.47735],[-110.37237,37.47656],[-110.37466,37.47642],[-110.37557,37.47555],[-110.37673,37.47274],[-110.38047,37.47006],[-110.3806,37.46833],[-110.38315,37.4644],[-110.38293,37.46283],[-110.38548,37.46012],[-110.38711,37.45641],[-110.38903,37.45615],[-110.39345,37.45811],[-110.39589,37.45777],[-110.39839,37.45624],[-110.40249,37.45161],[-110.41138,37.44501],[-110.41251,37.44438],[-110.41421,37.44456],[-110.41434,37.44316],[-110.41953,37.43919],[-110.42035,37.43932],[-110.42325,37.43557],[-110.42635,37.43324],[-110.42955,37.43302],[-110.42946,37.42986],[-110.43152,37.42974],[-110.43237,37.42743],[-110.43676,37.42452],[-110.43735,37.42283],[-110.43693,37.42218],[-110.43955,37.41784],[-110.44063,37.41475],[-110.44571,37.41244],[-110.44531,37.41048],[-110.44959,37.41009],[-110.44933,37.40783],[-110.45044,37.40372],[-110.45195,37.40216],[-110.45231,37.40082],[-110.45373,37.40013],[-110.45388,37.39823],[-110.45454,37.39747],[-110.45259,37.39459],[-110.4526,37.39305],[-110.45594,37.39028],[-110.45592,37.38783],[-110.45856,37.38581],[-110.4644,37.3785],[-110.46642,37.37723],[-110.4638,37.37397],[-110.46396,37.37345],[-110.4671,37.37135],[-110.47096,37.37076],[-110.47033,37.36974],[-110.47079,37.36878],[-110.47266,37.36772],[-110.47641,37.36394],[-110.47921,37.36433],[-110.48006,37.36631],[-110.48143,37.3674],[-110.48186,37.36627],[-110.48642,37.36235],[-110.48603,37.36069],[-110.48824,37.35846],[-110.49141,37.3575],[-110.49399,37.35496],[-110.49598,37.35567],[-110.49817,37.35547],[-110.50059,37.35347],[-110.50366,37.35208],[-110.50518,37.34958],[-110.50679,37.3487],[-110.50829,37.34593],[-110.51383,37.34349],[-110.51455,37.34],[-110.51817,37.33789],[-110.52114,37.33408],[-110.52452,37.3336],[-110.52635,37.33216],[-110.5285,37.33201],[-110.5311,37.33003],[-110.53319,37.33104],[-110.53479,37.32893],[-110.53714,37.32849],[-110.53734,37.3302],[-110.53852,37.33199],[-110.54132,37.33414],[-110.54344,37.33391],[-110.54558,37.33486],[-110.54859,37.33502],[-110.55067,37.33408],[-110.55221,37.33422],[-110.55393,37.33309],[-110.5566,37.33484],[-110.56046,37.33545],[-110.56378,37.33302],[-110.56793,37.32846],[-110.57614,37.32247],[-110.5774,37.32064],[-110.57979,37.32075],[-110.58168,37.32193],[-110.58452,37.32046],[-110.5858,37.31846],[-110.58755,37.31808],[-110.58784,37.3206],[-110.58737,37.32163],[-110.58789,37.32245],[-110.58956,37.32381],[-110.59159,37.32382],[-110.59009,37.32628],[-110.59206,37.32784],[-110.59177,37.32898],[-110.59908,37.33234],[-110.60113,37.33482],[-110.60386,37.3344],[-110.60521,37.33648],[-110.60754,37.33719],[-110.60792,37.33849],[-110.6101,37.34026],[-110.62385,37.34137],[-110.62521,37.34038],[-110.63074,37.33918],[-110.63618,37.33953],[-110.63667,37.33866],[-110.636,37.33736],[-110.63814,37.33618],[-110.64032,37.33273],[-110.64356,37.33059],[-110.64478,37.33088],[-110.64405,37.32951],[-110.645,37.32813],[-110.64681,37.32721],[-110.65003,37.3227],[-110.65498,37.31848],[-110.65488,37.31564],[-110.65643,37.3151],[-110.65762,37.31306],[-110.65927,37.3128],[-110.66111,37.31085],[-110.66304,37.31059],[-110.6675,37.30844],[-110.67064,37.30573],[-110.67635,37.30297],[-110.67876,37.30061],[-110.68142,37.30059],[-110.68091,37.29842],[-110.68303,37.298],[-110.69142,37.29144],[-110.69272,37.28895],[-110.69563,37.28672],[-110.69861,37.2826],[-110.70597,37.27939],[-110.70808,37.27722],[-110.7121,37.27552],[-110.71638,37.27123],[-110.71978,37.26951],[-110.72111,37.26814],[-110.72301,37.26789],[-110.72795,37.25837],[-110.73167,37.25582],[-110.737,37.25387],[-110.73869,37.25212],[-110.74064,37.25202],[-110.74374,37.24958],[-110.74691,37.24841],[-110.74845,37.24727],[-110.75114,37.24291],[-110.754,37.24248],[-110.7589,37.24315],[-110.76439,37.24236],[-110.76757,37.24348],[-110.76824,37.24511],[-110.77063,37.24531],[-110.77268,37.24691],[-110.7763,37.24728],[-110.77752,37.24641],[-110.78132,37.24773],[-110.78319,37.24747],[-110.78568,37.24879],[-110.78811,37.25213],[-110.78934,37.25243],[-110.79583,37.24899],[-110.79727,37.2474],[-110.7971,37.24639],[-110.79863,37.24331],[-110.79796,37.24209],[-110.79872,37.23864],[-110.79957,37.2378],[-110.79914,37.23669],[-110.79968,37.23504],[-110.8004,37.23369],[-110.80316,37.23156],[-110.80262,37.23097],[-110.80314,37.22788],[-110.8016,37.22742],[-110.80323,37.2261],[-110.80338,37.22488],[-110.80206,37.22368],[-110.8052,37.22198],[-110.80691,37.22259],[-110.80836,37.22098],[-110.81028,37.22169],[-110.81465,37.22161],[-110.8199,37.21786],[-110.8225,37.21748],[-110.82406,37.21613],[-110.82403,37.21532],[-110.82699,37.21347],[-110.83002,37.21002],[-110.82677,37.2082],[-110.82671,37.20725],[-110.83077,37.20649],[-110.83303,37.20773],[-110.83722,37.20662],[-110.83844,37.20691],[-110.84205,37.20844],[-110.84237,37.20985],[-110.8439,37.21051],[-110.84426,37.2131],[-110.84512,37.214],[-110.84747,37.21245],[-110.85078,37.21264],[-110.85028,37.21559],[-110.85499,37.21721],[-110.85698,37.21581],[-110.85705,37.21477],[-110.85954,37.21569],[-110.86121,37.215],[-110.86139,37.21329],[-110.86733,37.21257],[-110.86781,37.21172],[-110.86689,37.21069],[-110.86783,37.20873],[-110.86784,37.20524],[-110.87037,37.201],[-110.87441,37.20009],[-110.87535,37.19915],[-110.88037,37.19835],[-110.88143,37.19643],[-110.88366,37.19479],[-110.88676,37.19406],[-110.88741,37.19181],[-110.88971,37.19154],[-110.89133,37.18962],[-110.89049,37.18816],[-110.89346,37.18656],[-110.89258,37.18489],[-110.89331,37.18336],[-110.89855,37.18225],[-110.90191,37.17948],[-110.89675,37.17849],[-110.89342,37.17643],[-110.89277,37.17513],[-110.89336,37.17249],[-110.89151,37.17073],[-110.89105,37.16701],[-110.89021,37.16644],[-110.88888,37.16669],[-110.88604,37.16412],[-110.88547,37.16239],[-110.88621,37.16131],[-110.88528,37.15989],[-110.88915,37.15588],[-110.88997,37.15391],[-110.89141,37.15323],[-110.88993,37.15164],[-110.88954,37.14924],[-110.89157,37.1471],[-110.89214,37.14526],[-110.89157,37.14362],[-110.89297,37.14282],[-110.89161,37.14144],[-110.89173,37.13971],[-110.88935,37.13483],[-110.8918,37.13372],[-110.88996,37.13311],[-110.88964,37.13215],[-110.89045,37.13133],[-110.89053,37.12875],[-110.89132,37.12708],[-110.8907,37.12418],[-110.89189,37.12066],[-110.89192,37.11738],[-110.89117,37.11569],[-110.88844,37.11469],[-110.88668,37.11268],[-110.88662,37.1118],[-110.88836,37.10974],[-110.88752,37.10825],[-110.8884,37.1062],[-110.88747,37.10522],[-110.8903,37.10352],[-110.89224,37.10129],[-110.89365,37.10168],[-110.89433,37.1006],[-110.89693,37.09973],[-110.89627,37.09805],[-110.89629,37.09481],[-110.89764,37.09389],[-110.90148,37.09313],[-110.90299,37.09055],[-110.90143,37.08944],[-110.90135,37.08745],[-110.90046,37.08636],[-110.89344,37.0859],[-110.89259,37.08494],[-110.89363,37.08314],[-110.8925,37.08152],[-110.88827,37.08397],[-110.88518,37.08216],[-110.88318,37.07935],[-110.88074,37.07794],[-110.87957,37.07502],[-110.87962,37.07217],[-110.88132,37.06876],[-110.88115,37.06724],[-110.88024,37.06603],[-110.8741,37.06374],[-110.87218,37.05956],[-110.87189,37.05343],[-110.87021,37.04875],[-110.87323,37.0439],[-110.87364,37.04201],[-110.87105,37.03721],[-110.86925,37.03566],[-110.8703,37.03318],[-110.86916,37.02983],[-110.86361,37.02623],[-110.86033,37.02228],[-110.8541,37.01922],[-110.85362,37.0175],[-110.85414,37.01534],[-110.84908,37.01388],[-110.84586,37.01011],[-110.84431,37.00981],[-110.84177,37.00809],[-110.84016,37.00582],[-110.83865,37.00571],[-110.83737,37.00347],[-110.83541,36.99544],[-110.83514,36.98984],[-110.83535,36.98734],[-110.83612,36.98593],[-110.84137,36.98125],[-110.84487,36.97939],[-110.8491,36.97307],[-110.84975,36.97022],[-110.84953,36.96771],[-110.85215,36.96353],[-110.85338,36.95524],[-110.85851,36.95392],[-110.85759,36.95135],[-110.85915,36.94742],[-110.86312,36.94573],[-110.86326,36.94067],[-110.86456,36.94043],[-110.86894,36.94157],[-110.87473,36.93885],[-110.87757,36.9331],[-110.877,36.93151],[-110.87474,36.93072],[-110.86898,36.93104],[-110.86739,36.92897],[-110.86814,36.92556],[-110.86764,36.92467],[-110.86592,36.92386],[-110.8624,36.92412],[-110.8565,36.91623],[-110.85232,36.91492],[-110.84937,36.91257],[-110.84851,36.91055],[-110.84885,36.90649],[-110.8457,36.9049],[-110.84668,36.89938],[-110.84358,36.89671],[-110.83782,36.8967],[-110.83426,36.89826],[-110.83332,36.89778],[-110.83268,36.89506],[-110.83189,36.89421],[-110.82445,36.89288],[-110.82241,36.89334],[-110.82075,36.8957],[-110.81778,36.89597],[-110.8134,36.89785],[-110.81005,36.89651],[-110.80596,36.89693],[-110.8051,36.89552],[-110.80161,36.89544],[-110.79906,36.89385],[-110.799,36.89257],[-110.80023,36.89086],[-110.79671,36.8877],[-110.79706,36.8853],[-110.79331,36.88495],[-110.79177,36.88417],[-110.79069,36.88451],[-110.78777,36.88319],[-110.78704,36.88035],[-110.781,36.88056],[-110.77942,36.88431],[-110.77548,36.88515],[-110.77229,36.88689],[-110.77019,36.88219],[-110.76711,36.88266],[-110.76478,36.88225],[-110.76101,36.87877],[-110.75434,36.87659],[-110.75304,36.87513],[-110.7536,36.87079],[-110.75312,36.8694],[-110.74855,36.87065],[-110.74159,36.86951],[-110.74009,36.86521],[-110.73549,36.86458],[-110.73479,36.86277],[-110.73112,36.85918],[-110.72667,36.85654],[-110.72305,36.85079],[-110.72382,36.84723],[-110.72519,36.84494],[-110.72945,36.84322],[-110.73244,36.84121],[-110.73617,36.83689],[-110.73337,36.83461],[-110.73235,36.82936],[-110.72996,36.82468],[-110.73015,36.82214],[-110.72855,36.81978],[-110.72933,36.81767],[-110.72487,36.81568],[-110.71958,36.81462],[-110.71902,36.81025],[-110.71604,36.80933],[-110.71572,36.80797],[-110.7167,36.8025],[-110.7142,36.79618],[-110.7155,36.7917],[-110.71734,36.78874],[-110.71803,36.78629],[-110.71518,36.78303],[-110.71233,36.78199],[-110.71136,36.77761],[-110.70767,36.77638],[-110.70592,36.7749],[-110.70233,36.77524],[-110.69505,36.77812],[-110.69364,36.77656],[-110.69023,36.77672],[-110.68929,36.77279],[-110.68819,36.77184],[-110.68499,36.77113],[-110.68061,36.77178],[-110.67846,36.77285],[-110.67469,36.77242],[-110.67273,36.77357],[-110.66928,36.77798],[-110.66497,36.77953],[-110.66077,36.7851],[-110.65608,36.78636],[-110.65482,36.78739],[-110.65017,36.789],[-110.64476,36.79241],[-110.64367,36.7917],[-110.64167,36.78835],[-110.64111,36.78229],[-110.63878,36.77944],[-110.62814,36.77985],[-110.62619,36.77883],[-110.62267,36.775],[-110.62014,36.77406],[-110.61574,36.77513],[-110.6111,36.77459],[-110.60812,36.77772],[-110.60591,36.7779],[-110.60555,36.78171],[-110.6036,36.78511],[-110.60067,36.78727],[-110.59711,36.78885],[-110.59364,36.79342],[-110.58792,36.79326],[-110.58327,36.79386],[-110.57998,36.79507],[-110.57788,36.79449],[-110.57568,36.79275],[-110.5748,36.79284],[-110.57225,36.79679],[-110.57224,36.79887],[-110.56987,36.80179],[-110.57002,36.80521],[-110.56892,36.80694],[-110.56778,36.80663],[-110.56465,36.80327],[-110.5601,36.80306],[-110.55818,36.80443],[-110.55347,36.80093],[-110.55186,36.79725],[-110.54741,36.79554],[-110.54122,36.79588],[-110.53704,36.79897],[-110.53511,36.79791],[-110.53252,36.79897],[-110.52942,36.80295],[-110.52396,36.8058],[-110.52333,36.80838],[-110.52204,36.81003],[-110.51617,36.81258],[-110.51335,36.81184],[-110.5119,36.8137],[-110.50772,36.81623],[-110.50727,36.8187],[-110.50366,36.82403],[-110.49776,36.82554],[-110.49386,36.82742],[-110.49012,36.83133],[-110.48488,36.84157],[-110.4834,36.84648],[-110.48192,36.84638],[-110.47833,36.84468],[-110.47538,36.8445],[-110.47337,36.84665],[-110.47063,36.84812],[-110.47002,36.84906],[-110.47045,36.8506],[-110.46469,36.8535],[-110.46485,36.85157],[-110.46404,36.85052],[-110.46677,36.84768],[-110.46689,36.84531],[-110.46891,36.84163],[-110.46623,36.83994],[-110.46506,36.83524],[-110.46202,36.83496],[-110.45798,36.83649],[-110.45575,36.8331],[-110.45562,36.83119],[-110.45732,36.8249],[-110.45932,36.82266],[-110.45894,36.82193],[-110.45604,36.82086],[-110.45392,36.81807],[-110.45388,36.81472],[-110.45526,36.81305],[-110.45444,36.81113],[-110.44973,36.80745],[-110.44799,36.80798],[-110.44618,36.80736],[-110.44263,36.80476],[-110.44009,36.80114],[-110.4389,36.80044],[-110.43537,36.80058],[-110.43294,36.79957],[-110.42926,36.80022],[-110.42615,36.8021],[-110.41653,36.8025],[-110.40988,36.80647],[-110.4073,36.81294],[-110.40656,36.81342],[-110.40388,36.81323],[-110.40201,36.81232],[-110.40022,36.81296],[-110.39735,36.81218],[-110.39512,36.81062],[-110.39082,36.81114],[-110.38643,36.81082],[-110.38265,36.81158],[-110.37849,36.81126],[-110.37603,36.81008],[-110.37503,36.80865],[-110.36683,36.80515],[-110.3646,36.806],[-110.36185,36.80825],[-110.35582,36.80898],[-110.35317,36.80865],[-110.35176,36.80697],[-110.35053,36.80659],[-110.33866,36.80667],[-110.33725,36.80727],[-110.33503,36.80991],[-110.33221,36.81112],[-110.33041,36.81333],[-110.32305,36.81546],[-110.32302,36.81677],[-110.31638,36.82189],[-110.31576,36.82622],[-110.314,36.82875],[-110.30837,36.8301],[-110.30781,36.82863],[-110.30821,36.82652],[-110.30754,36.82608],[-110.30094,36.82652],[-110.29691,36.82795],[-110.29318,36.82702],[-110.28913,36.83312],[-110.28637,36.83274],[-110.28081,36.82748],[-110.27896,36.82924],[-110.27569,36.82188],[-110.27704,36.82147],[-110.27828,36.81278],[-110.28006,36.81142],[-110.28081,36.80954],[-110.27968,36.80757],[-110.27939,36.80541],[-110.28071,36.79827],[-110.28037,36.7955],[-110.28349,36.79212],[-110.28154,36.79064],[-110.2794,36.78771],[-110.27346,36.78872],[-110.26806,36.78537],[-110.26529,36.77705],[-110.26526,36.77421],[-110.26398,36.77225],[-110.26422,36.77118],[-110.26694,36.76974],[-110.26712,36.7683],[-110.26618,36.76573],[-110.26299,36.76547],[-110.26171,36.76305],[-110.26011,36.7617],[-110.25582,36.76174],[-110.25277,36.76247],[-110.24758,36.76056],[-110.24568,36.75746],[-110.2437,36.7558],[-110.2383,36.75378],[-110.23154,36.75502],[-110.225,36.75783],[-110.22378,36.75617],[-110.22221,36.75606],[-110.21483,36.75991],[-110.20844,36.76162],[-110.20556,36.76334],[-110.19932,36.76417],[-110.19536,36.76594],[-110.19392,36.76804],[-110.19023,36.76861],[-110.18537,36.77188],[-110.17969,36.77315],[-110.17931,36.774],[-110.17999,36.77546],[-110.17798,36.77555],[-110.17565,36.77457],[-110.17395,36.77576],[-110.16822,36.77738],[-110.16626,36.77565],[-110.16179,36.77771],[-110.15633,36.77918],[-110.14935,36.77994],[-110.14264,36.78188],[-110.12963,36.78245],[-110.12643,36.78093],[-110.12479,36.78137],[-110.11576,36.78671],[-110.10326,36.79146],[-110.10058,36.79306],[-110.09918,36.79282],[-110.09938,36.7917],[-110.09836,36.79114],[-110.09161,36.79202],[-110.09035,36.79479],[-110.09029,36.79713],[-110.08887,36.79866],[-110.08531,36.80059],[-110.08468,36.80226],[-110.08038,36.80412],[-110.07719,36.80688],[-110.07566,36.80698],[-110.07308,36.80954],[-110.06854,36.81113],[-110.06656,36.8137],[-110.06539,36.81423],[-110.06408,36.81355],[-110.06268,36.81396],[-110.06177,36.81699],[-110.05953,36.81902],[-110.05315,36.82268],[-110.04922,36.82605],[-110.04868,36.82727],[-110.04331,36.83119],[-110.03697,36.83397],[-110.03227,36.8381],[-110.0271,36.84071],[-110.01983,36.84555],[-110.01396,36.84713],[-110.00448,36.85102],[-109.99843,36.85248],[-109.99745,36.85351],[-109.98845,36.85649],[-109.98502,36.85587],[-109.98019,36.85874],[-109.96804,36.86084],[-109.96697,36.86175],[-109.96476,36.86176],[-109.96291,36.8639],[-109.95595,36.86661],[-109.95396,36.86662],[-109.93929,36.87037],[-109.93719,36.86993],[-109.93147,36.87142],[-109.92778,36.87132],[-109.92601,36.87211],[-109.92544,36.87304],[-109.91927,36.87547],[-109.91063,36.87743],[-109.88492,36.89048],[-109.88171,36.89371],[-109.87611,36.89494],[-109.8734,36.89671],[-109.86921,36.90016],[-109.86713,36.90276],[-109.86178,36.90638],[-109.85999,36.9085],[-109.85459,36.91233],[-109.84759,36.91594],[-109.84632,36.91737],[-109.84654,36.91795],[-109.84147,36.92149],[-109.84001,36.92416],[-109.828,36.92851],[-109.82692,36.93184],[-109.82563,36.93337],[-109.82668,36.93735],[-109.82353,36.94239],[-109.81856,36.94613],[-109.81538,36.94714],[-109.81821,36.94968],[-109.8188,36.9571],[-109.81351,36.96295],[-109.81332,36.96624],[-109.81502,36.96871],[-109.81532,36.9702],[-109.81307,36.97746],[-109.81144,36.98071],[-109.81156,36.98164],[-109.81074,36.98226],[-109.80811,36.98788],[-109.80342,36.99187],[-109.80353,36.99421],[-109.79917,36.99764],[-109.79866,36.99949],[-109.80033,37.00074],[-109.79665,37.00158],[-109.79545,37.00269],[-109.79617,37.00489],[-109.79481,37.00638],[-109.79562,37.00796],[-109.79494,37.00992],[-109.79307,37.01021],[-109.79208,37.01148],[-109.78891,37.01238],[-109.78648,37.01219],[-109.77987,37.01545],[-109.78121,37.01856],[-109.77909,37.02026],[-109.77843,37.02249],[-109.77582,37.02404],[-109.77872,37.02459],[-109.78026,37.02578],[-109.78029,37.02818],[-109.7778,37.03236],[-109.77865,37.03252],[-109.77897,37.03484],[-109.77985,37.03577],[-109.7803,37.03571],[-109.78008,37.03462],[-109.78236,37.0337],[-109.78282,37.03253],[-109.78592,37.03135],[-109.78901,37.0291],[-109.79208,37.02842],[-109.79476,37.02889],[-109.79443,37.03019],[-109.79588,37.0303],[-109.79632,37.03183],[-109.79805,37.03326],[-109.79867,37.03481],[-109.7974,37.03702],[-109.79722,37.0406],[-109.79597,37.04291],[-109.796,37.04439],[-109.79798,37.04523],[-109.79837,37.0463],[-109.80622,37.04675],[-109.8068,37.04764],[-109.80943,37.04809],[-109.81,37.04908],[-109.80705,37.05139],[-109.80367,37.05597],[-109.79918,37.05833],[-109.79771,37.06075],[-109.79363,37.06338],[-109.79238,37.06618],[-109.78913,37.0692],[-109.7883,37.07781],[-109.78751,37.07977],[-109.78235,37.08679],[-109.77758,37.09037],[-109.77705,37.09504],[-109.77616,37.09577],[-109.779,37.09642],[-109.7799,37.09764],[-109.77864,37.10105],[-109.78108,37.10193],[-109.78268,37.10488],[-109.78251,37.10586],[-109.7855,37.10995],[-109.78654,37.11312],[-109.78304,37.11865],[-109.7774,37.12477],[-109.77817,37.12908],[-109.77953,37.13185],[-109.77904,37.13277],[-109.78068,37.1345],[-109.78152,37.13799],[-109.78436,37.13764],[-109.78659,37.13872],[-109.78965,37.14303],[-109.79692,37.14875],[-109.79761,37.15237],[-109.7935,37.15215],[-109.78743,37.15357],[-109.78559,37.15307],[-109.77964,37.15748],[-109.77773,37.15797],[-109.77637,37.1575],[-109.7754,37.15856],[-109.77168,37.15845],[-109.7683,37.16496],[-109.76583,37.16508],[-109.76288,37.16695],[-109.76143,37.17112],[-109.7594,37.17217],[-109.75914,37.17288],[-109.75641,37.17173],[-109.75428,37.17322],[-109.74825,37.17553],[-109.74532,37.17584],[-109.74134,37.17521],[-109.74011,37.17606],[-109.73677,37.17659],[-109.73533,37.17639],[-109.73479,37.17538],[-109.73285,37.17564],[-109.73043,37.17443],[-109.72741,37.17855],[-109.726,37.17919],[-109.7226,37.1782],[-109.72138,37.17965],[-109.71987,37.1802],[-109.71842,37.18219],[-109.71574,37.18351],[-109.71374,37.18593],[-109.71208,37.18663],[-109.71062,37.18622],[-109.70907,37.18671],[-109.70937,37.19062],[-109.70704,37.19169],[-109.70632,37.19268],[-109.71072,37.19502],[-109.71385,37.19392],[-109.71616,37.19413],[-109.71763,37.1962],[-109.71661,37.1973],[-109.71599,37.19962],[-109.71667,37.20043],[-109.72024,37.20229],[-109.72356,37.2003],[-109.72574,37.20072],[-109.7319,37.20417],[-109.73456,37.20496],[-109.73691,37.20894],[-109.73653,37.21096],[-109.73269,37.21339],[-109.73069,37.21667],[-109.73135,37.22081],[-109.73324,37.22361],[-109.73383,37.22577],[-109.73805,37.22725],[-109.73906,37.22878],[-109.73901,37.231],[-109.74098,37.23311],[-109.73953,37.23657],[-109.73862,37.2368],[-109.73983,37.2391],[-109.73763,37.24379],[-109.73958,37.24613],[-109.7384,37.25008],[-109.73633,37.25117],[-109.73638,37.2527],[-109.73559,37.25404],[-109.73375,37.25423],[-109.73297,37.25535],[-109.73476,37.25601],[-109.7355,37.25706],[-109.7343,37.25833],[-109.73361,37.26142],[-109.73432,37.2625],[-109.73702,37.26363],[-109.73581,37.26523],[-109.73508,37.27089],[-109.73558,37.27288],[-109.74114,37.27603],[-109.74199,37.28222],[-109.74269,37.28212],[-109.74591,37.28487],[-109.74692,37.28665],[-109.74962,37.28721],[-109.74917,37.28873],[-109.74992,37.29271],[-109.75175,37.29368],[-109.75223,37.29462],[-109.75193,37.29724],[-109.74937,37.29956],[-109.75204,37.30156],[-109.75077,37.30339],[-109.752,37.30576],[-109.75162,37.30879],[-109.75213,37.31154],[-109.75315,37.3127],[-109.7519,37.31449],[-109.7513,37.31713],[-109.75495,37.3175],[-109.75599,37.32044],[-109.75808,37.32084],[-109.75922,37.3246],[-109.76993,37.32355],[-109.77115,37.32685],[-109.77338,37.32936],[-109.77506,37.33437],[-109.77764,37.3377],[-109.77976,37.33866],[-109.78345,37.33896],[-109.78937,37.34054],[-109.7909,37.34286],[-109.79465,37.34607],[-109.79887,37.34844],[-109.80272,37.3531],[-109.80793,37.35525],[-109.81015,37.35899],[-109.8156,37.36205],[-109.81898,37.36192],[-109.81973,37.36435],[-109.81965,37.36767],[-109.8242,37.3698],[-109.82692,37.37217],[-109.82919,37.37302],[-109.83321,37.37255],[-109.83771,37.37576],[-109.84357,37.37409],[-109.84885,37.37616],[-109.8546,37.37531],[-109.85951,37.3762],[-109.86346,37.37967],[-109.86769,37.38183],[-109.87404,37.38325],[-109.8782,37.38554],[-109.88004,37.38741],[-109.88401,37.38781],[-109.88719,37.38906],[-109.89108,37.3933],[-109.89386,37.39354],[-109.90046,37.39574],[-109.90648,37.39622],[-109.91214,37.40031],[-109.91551,37.40098],[-109.91913,37.40018],[-109.9199,37.40266],[-109.92532,37.40503],[-109.92535,37.40919],[-109.92338,37.41082],[-109.92124,37.41058],[-109.91823,37.40862],[-109.91125,37.40774],[-109.90939,37.40822],[-109.90898,37.40905],[-109.90943,37.41155],[-109.9079,37.41489],[-109.90446,37.41871],[-109.90519,37.42111],[-109.91429,37.42696],[-109.91309,37.42981],[-109.91373,37.43607],[-109.91261,37.4378],[-109.91398,37.44001],[-109.91243,37.44383],[-109.91285,37.45231],[-109.91103,37.45482],[-109.91,37.45874],[-109.90518,37.46286],[-109.90514,37.46726],[-109.89997,37.46902],[-109.89633,37.47253],[-109.89587,37.47529],[-109.8944,37.47772],[-109.89615,37.48237],[-109.89381,37.48567],[-109.89608,37.48941],[-109.89275,37.49045],[-109.89097,37.49172],[-109.89061,37.49567],[-109.88817,37.50001],[-109.88645,37.50123],[-109.88688,37.5041],[-109.88797,37.50509],[-109.88632,37.5063],[-109.88354,37.51076],[-109.88172,37.51189],[-109.88142,37.51303],[-109.87731,37.51351],[-109.87725,37.51927],[-109.87589,37.52115],[-109.87746,37.52273],[-109.87659,37.52575],[-109.87341,37.5268],[-109.87063,37.53212],[-109.86627,37.53492],[-109.8657,37.53742],[-109.86088,37.54518],[-109.8605,37.54889],[-109.86095,37.55213],[-109.86314,37.55918],[-109.86162,37.56715],[-109.85921,37.57174],[-109.85973,37.57275],[-109.85929,37.57638],[-109.8609,37.58038],[-109.84987,37.5793],[-109.84281,37.57998],[-109.8409,37.57959],[-109.83365,37.5832],[-109.83172,37.58611],[-109.82948,37.5874],[-109.82791,37.58959],[-109.82819,37.59112],[-109.82993,37.59278],[-109.83081,37.59527],[-109.82946,37.59948],[-109.83129,37.60286],[-109.83084,37.60553],[-109.83123,37.61166],[-109.83376,37.61434],[-109.8339,37.61538],[-109.83321,37.61621],[-109.83368,37.6179],[-109.83966,37.62101],[-109.84023,37.6254],[-109.84451,37.62691],[-109.84638,37.62838]]]}},{"type":"Feature","properties":{"name":"McElmo","huc8":"14080202"},"geometry":{"type":"Polygon","coordinates":[[[-108.74004,37.60014],[-108.74281,37.60455],[-108.74538,37.6026],[-108.74726,37.60225],[-108.7512,37.6032],[-108.7517,37.60253],[-108.75162,37.59991],[-108.75601,37.59714],[-108.75827,37.59208],[-108.75918,37.59213],[-108.75983,37.59074],[-108.76751,37.59138],[-108.76903,37.59101],[-108.77053,37.59262],[-108.77057,37.59458],[-108.77164,37.59542],[-108.77136,37.59805],[-108.772,37.59884],[-108.77396,37.59835],[-108.77729,37.59544],[-108.77938,37.59115],[-108.78463,37.58747],[-108.78648,37.58453],[-108.78832,37.58434],[-108.79145,37.58276],[-108.792,37.58011],[-108.7926,37.57983],[-108.79498,37.5809],[-108.79677,37.57935],[-108.79842,37.57967],[-108.80023,37.57778],[-108.80322,37.57747],[-108.80465,37.57871],[-108.80727,37.57766],[-108.80972,37.579],[-108.81277,37.58541],[-108.81717,37.58607],[-108.81893,37.58576],[-108.82081,37.5865],[-108.82292,37.58619],[-108.82711,37.5814],[-108.82999,37.58119],[-108.83338,37.57981],[-108.83385,37.57852],[-108.83549,37.57729],[-108.84156,37.57698],[-108.84436,37.57847],[-108.84849,37.57789],[-108.85004,37.57268],[-108.85268,37.57095],[-108.85493,37.572],[-108.8581,37.5695],[-108.85829,37.56532],[-108.86124,37.55794],[-108.86475,37.55665],[-108.87055,37.55054],[-108.87311,37.5488],[-108.87537,37.54843],[-108.88203,37.54932],[-108.88717,37.54657],[-108.89679,37.54283],[-108.8995,37.54246],[-108.90166,37.54294],[-108.90797,37.54194],[-108.91935,37.53853],[-108.92988,37.53303],[-108.93243,37.53231],[-108.93882,37.5283],[-108.94062,37.52302],[-108.94507,37.52153],[-108.9505,37.50922],[-108.95122,37.50563],[-108.95114,37.50132],[-108.95521,37.497],[-108.95726,37.48929],[-108.96303,37.48304],[-108.96323,37.4803],[-108.96497,37.47645],[-108.96878,37.47326],[-108.97214,37.46931],[-108.97888,37.46882],[-108.9841,37.46682],[-108.9857,37.4617],[-108.98844,37.45935],[-108.99355,37.45669],[-108.99601,37.45011],[-108.9952,37.44553],[-108.99821,37.44102],[-108.99841,37.43773],[-109.0069,37.43693],[-109.01443,37.43384],[-109.02527,37.43096],[-109.03491,37.42555],[-109.03856,37.42421],[-109.04532,37.42458],[-109.05313,37.42393],[-109.06391,37.41778],[-109.06648,37.41481],[-109.07053,37.4146],[-109.07653,37.41325],[-109.07966,37.41367],[-109.08312,37.41245],[-109.08551,37.41316],[-109.08956,37.41292],[-109.09213,37.40889],[-109.09278,37.40573],[-109.10308,37.39448],[-109.10456,37.39075],[-109.10756,37.38895],[-109.11251,37.38782],[-109.11262,37.38427],[-109.11413,37.37737],[-109.11288,37.37358],[-109.11277,37.37097],[-109.11718,37.36309],[-109.12045,37.36073],[-109.1227,37.35603],[-109.13013,37.34839],[-109.13241,37.34482],[-109.13095,37.33236],[-109.1327,37.32763],[-109.13231,37.32453],[-109.1341,37.32377],[-109.13625,37.32481],[-109.14147,37.32554],[-109.14938,37.32328],[-109.15118,37.32394],[-109.15266,37.32652],[-109.15367,37.32701],[-109.15221,37.32537],[-109.1516,37.32227],[-109.15177,37.31909],[-109.15299,37.31688],[-109.1531,37.31243],[-109.1525,37.30971],[-109.15112,37.30851],[-109.1521,37.3003],[-109.15015,37.296],[-109.14982,37.29287],[-109.14985,37.29],[-109.15143,37.28804],[-109.15075,37.28646],[-109.15078,37.28395],[-109.1539,37.28092],[-109.15675,37.27921],[-109.16392,37.27943],[-109.16922,37.27855],[-109.16952,37.27189],[-109.16885,37.26994],[-109.1698,37.26742],[-109.16923,37.26597],[-109.16735,37.26525],[-109.16721,37.26449],[-109.16841,37.26378],[-109.16856,37.26244],[-109.17197,37.25958],[-109.17277,37.25785],[-109.17248,37.25371],[-109.17419,37.25265],[-109.17541,37.24825],[-109.1764,37.24733],[-109.17582,37.24376],[-109.17753,37.24134],[-109.17983,37.24019],[-109.18011,37.23858],[-109.18203,37.23661],[-109.18545,37.2349],[-109.18557,37.23352],[-109.18447,37.2321],[-109.185,37.23116],[-109.18791,37.22971],[-109.18822,37.2281],[-109.19083,37.22883],[-109.19541,37.22805],[-109.19441,37.22632],[-109.19428,37.22433],[-109.19253,37.2212],[-109.19321,37.21648],[-109.19228,37.21622],[-109.19058,37.21804],[-109.18978,37.21805],[-109.18704,37.21554],[-109.18445,37.21532],[-109.17419,37.21806],[-109.16452,37.21618],[-109.16357,37.21678],[-109.16363,37.21831],[-109.1617,37.21967],[-109.1591,37.21904],[-109.15748,37.21783],[-109.15464,37.21919],[-109.1528,37.21935],[-109.15037,37.21831],[-109.1476,37.21828],[-109.14336,37.2164],[-109.14007,37.21633],[-109.13657,37.21535],[-109.13574,37.21628],[-109.13629,37.21875],[-109.13561,37.21926],[-109.12862,37.21873],[-109.12721,37.21814],[-109.12571,37.21619],[-109.12171,37.21537],[-109.11944,37.2094],[-109.11742,37.20747],[-109.11707,37.20608],[-109.11567,37.2058],[-109.11499,37.20478],[-109.11341,37.20467],[-109.1116,37.20615],[-109.10537,37.20044],[-109.09711,37.20036],[-109.09116,37.20354],[-109.08081,37.21184],[-109.07453,37.21392],[-109.0724,37.21234],[-109.06901,37.21217],[-109.06616,37.21049],[-109.06526,37.21174],[-109.06305,37.21133],[-109.06141,37.21258],[-109.05951,37.21295],[-109.05509,37.2097],[-109.05475,37.20832],[-109.05349,37.20883],[-109.052,37.20852],[-109.04461,37.21225],[-109.04169,37.21632],[-109.03345,37.21965],[-109.03131,37.22221],[-109.02623,37.22441],[-109.02485,37.224],[-109.02395,37.22224],[-109.02274,37.22156],[-109.0157,37.22087],[-109.00457,37.22536],[-108.99914,37.22527],[-108.99286,37.22766],[-108.97914,37.22834],[-108.97501,37.22991],[-108.97348,37.23295],[-108.97261,37.23334],[-108.96695,37.23517],[-108.9577,37.23592],[-108.95263,37.23856],[-108.94859,37.23959],[-108.93926,37.24431],[-108.93429,37.24812],[-108.92969,37.2488],[-108.92193,37.25454],[-108.9162,37.25641],[-108.91483,37.25644],[-108.91024,37.25392],[-108.90681,37.25391],[-108.90367,37.25479],[-108.90036,37.25375],[-108.89799,37.2517],[-108.89309,37.24989],[-108.89199,37.24905],[-108.89129,37.24688],[-108.88503,37.24557],[-108.87825,37.24024],[-108.87457,37.23915],[-108.87379,37.23919],[-108.87274,37.24154],[-108.87042,37.24102],[-108.86921,37.24326],[-108.86686,37.24383],[-108.86603,37.24525],[-108.86361,37.24648],[-108.85755,37.24525],[-108.8525,37.24649],[-108.84914,37.24553],[-108.84535,37.24556],[-108.84205,37.24424],[-108.84046,37.24556],[-108.83951,37.24553],[-108.83845,37.24425],[-108.83733,37.2441],[-108.83521,37.24669],[-108.83004,37.24752],[-108.82575,37.25578],[-108.82404,37.25579],[-108.82289,37.25652],[-108.82121,37.25968],[-108.8192,37.26025],[-108.81892,37.26239],[-108.81997,37.26375],[-108.81514,37.27021],[-108.81265,37.27083],[-108.81054,37.26831],[-108.80883,37.26759],[-108.80602,37.26848],[-108.80351,37.27105],[-108.79951,37.2716],[-108.79661,37.27064],[-108.79623,37.27197],[-108.79164,37.2723],[-108.78916,37.27459],[-108.78546,37.27538],[-108.78097,37.27805],[-108.77919,37.28044],[-108.77838,37.28282],[-108.77862,37.284],[-108.77756,37.28446],[-108.77504,37.28358],[-108.77328,37.27947],[-108.76402,37.27207],[-108.76166,37.27131],[-108.75997,37.26882],[-108.74965,37.27015],[-108.74687,37.26933],[-108.74534,37.26755],[-108.74178,37.26695],[-108.73162,37.26795],[-108.71276,37.26653],[-108.71016,37.26577],[-108.69992,37.26565],[-108.69711,37.26699],[-108.69332,37.26792],[-108.68927,37.26804],[-108.68403,37.26968],[-108.67691,37.26991],[-108.67415,37.27095],[-108.67262,37.27308],[-108.6678,37.27053],[-108.66423,37.27091],[-108.66215,37.26966],[-108.65764,37.26911],[-108.65285,37.26423],[-108.63716,37.25836],[-108.63418,37.25468],[-108.63023,37.25171],[-108.62925,37.24954],[-108.62978,37.2468],[-108.62919,37.24546],[-108.6265,37.24275],[-108.6245,37.24234],[-108.6207,37.24434],[-108.61851,37.24348],[-108.61263,37.24339],[-108.61082,37.24283],[-108.60976,37.24877],[-108.60891,37.24931],[-108.60765,37.2524],[-108.60555,37.25106],[-108.60372,37.25116],[-108.60132,37.25307],[-108.60116,37.256],[-108.59962,37.25643],[-108.59732,37.25486],[-108.59449,37.25501],[-108.59179,37.25703],[-108.59015,37.25744],[-108.58866,37.25916],[-108.58526,37.2562],[-108.58374,37.25646],[-108.58264,37.25763],[-108.57916,37.25782],[-108.57806,37.26069],[-108.57595,37.26317],[-108.57406,37.26425],[-108.57392,37.26514],[-108.57012,37.2661],[-108.56955,37.26614],[-108.56862,37.26274],[-108.56508,37.26294],[-108.5619,37.26156],[-108.5589,37.26397],[-108.55598,37.26216],[-108.55021,37.26385],[-108.54899,37.26715],[-108.54507,37.26779],[-108.54459,37.26573],[-108.5426,37.26605],[-108.53914,37.26536],[-108.53529,37.2675],[-108.5287,37.26385],[-108.52618,37.26399],[-108.52474,37.26517],[-108.52092,37.26461],[-108.51946,37.26578],[-108.51757,37.27076],[-108.5136,37.26989],[-108.50982,37.2721],[-108.50767,37.2701],[-108.50487,37.27016],[-108.50326,37.27135],[-108.5019,37.27452],[-108.49992,37.27526],[-108.49933,37.27313],[-108.49646,37.27094],[-108.49349,37.27152],[-108.48687,37.27544],[-108.4863,37.2766],[-108.48703,37.27847],[-108.48406,37.27808],[-108.48221,37.27518],[-108.47986,37.27433],[-108.47682,37.27503],[-108.47583,37.27629],[-108.4739,37.27682],[-108.4731,37.27882],[-108.4696,37.27947],[-108.46847,37.28037],[-108.46406,37.28094],[-108.46053,37.2806],[-108.45703,37.28217],[-108.45354,37.28123],[-108.45091,37.27891],[-108.44783,37.28067],[-108.44642,37.28034],[-108.44389,37.2823],[-108.44155,37.28231],[-108.43992,37.2833],[-108.44095,37.28588],[-108.44053,37.28809],[-108.44273,37.28964],[-108.44172,37.2924],[-108.44392,37.29474],[-108.44081,37.29786],[-108.44138,37.30341],[-108.44067,37.30465],[-108.4381,37.30512],[-108.43606,37.30436],[-108.43496,37.30474],[-108.43378,37.30334],[-108.42691,37.30649],[-108.42605,37.30799],[-108.41953,37.31158],[-108.41888,37.31549],[-108.41985,37.31658],[-108.41926,37.31822],[-108.42029,37.32029],[-108.42016,37.32362],[-108.41921,37.32596],[-108.41911,37.33078],[-108.41711,37.33489],[-108.41747,37.3376],[-108.41041,37.3421],[-108.41116,37.34398],[-108.40853,37.34791],[-108.40896,37.35099],[-108.40614,37.35269],[-108.40263,37.3578],[-108.40356,37.35849],[-108.40268,37.35918],[-108.4031,37.3612],[-108.40223,37.36203],[-108.40179,37.36547],[-108.40352,37.36614],[-108.40411,37.36765],[-108.40573,37.36876],[-108.40602,37.371],[-108.4056,37.37247],[-108.3997,37.37548],[-108.39987,37.37803],[-108.40133,37.3789],[-108.40163,37.38053],[-108.39876,37.38423],[-108.39892,37.38959],[-108.39796,37.39347],[-108.39737,37.39394],[-108.39828,37.39649],[-108.39603,37.39765],[-108.39121,37.3987],[-108.39038,37.40055],[-108.389,37.40056],[-108.38906,37.40161],[-108.3873,37.4023],[-108.38735,37.40397],[-108.38646,37.40459],[-108.38784,37.4058],[-108.38785,37.40781],[-108.3886,37.40911],[-108.38826,37.4111],[-108.38964,37.41274],[-108.38905,37.41342],[-108.389,37.41821],[-108.39037,37.41913],[-108.39051,37.42037],[-108.39248,37.42353],[-108.39495,37.42481],[-108.39972,37.42523],[-108.40075,37.42601],[-108.40114,37.42783],[-108.40468,37.42761],[-108.40723,37.42849],[-108.41459,37.43617],[-108.41418,37.43754],[-108.41462,37.43929],[-108.4178,37.43904],[-108.42601,37.44178],[-108.43486,37.44135],[-108.43951,37.44283],[-108.44103,37.44195],[-108.44485,37.44232],[-108.446,37.44099],[-108.44658,37.43794],[-108.4477,37.43665],[-108.45292,37.43642],[-108.45516,37.43485],[-108.45881,37.43438],[-108.46098,37.43603],[-108.46364,37.43619],[-108.46581,37.43743],[-108.46481,37.43987],[-108.46528,37.44044],[-108.46752,37.44128],[-108.46905,37.44067],[-108.4758,37.44378],[-108.47602,37.44635],[-108.47733,37.44717],[-108.47944,37.44596],[-108.48083,37.4459],[-108.48476,37.44783],[-108.48899,37.44858],[-108.48892,37.44941],[-108.48982,37.45036],[-108.49182,37.45013],[-108.49502,37.45195],[-108.49614,37.45131],[-108.50151,37.45271],[-108.505,37.4559],[-108.5081,37.45705],[-108.50927,37.46077],[-108.51062,37.45966],[-108.51438,37.45972],[-108.51487,37.45903],[-108.51939,37.45747],[-108.51964,37.45633],[-108.52474,37.45575],[-108.52697,37.45725],[-108.52708,37.45937],[-108.52831,37.4598],[-108.52929,37.46231],[-108.53402,37.46547],[-108.54035,37.46587],[-108.54205,37.46722],[-108.54535,37.47287],[-108.54684,37.47965],[-108.54993,37.4808],[-108.55436,37.47988],[-108.55538,37.48147],[-108.55483,37.48324],[-108.55542,37.48541],[-108.55466,37.48652],[-108.55329,37.48695],[-108.55223,37.48891],[-108.55336,37.4899],[-108.55386,37.49152],[-108.55586,37.49196],[-108.55775,37.49078],[-108.55978,37.4925],[-108.563,37.4928],[-108.56511,37.49431],[-108.56525,37.49638],[-108.5693,37.49536],[-108.57369,37.49214],[-108.57801,37.49077],[-108.58061,37.49267],[-108.58705,37.49141],[-108.58797,37.49375],[-108.58362,37.49602],[-108.58369,37.49682],[-108.58644,37.49815],[-108.58945,37.50121],[-108.58965,37.50382],[-108.5907,37.50638],[-108.59024,37.50891],[-108.58777,37.5114],[-108.58864,37.51352],[-108.58827,37.51466],[-108.58888,37.51621],[-108.58996,37.51702],[-108.59172,37.52204],[-108.59514,37.52819],[-108.59501,37.53517],[-108.59331,37.54444],[-108.59131,37.55111],[-108.59391,37.5514],[-108.59363,37.55201],[-108.59539,37.55307],[-108.59965,37.55287],[-108.59956,37.55464],[-108.60262,37.55484],[-108.60239,37.55588],[-108.60321,37.557],[-108.60696,37.5579],[-108.60923,37.56032],[-108.60931,37.56227],[-108.60776,37.56311],[-108.60638,37.56732],[-108.60434,37.57032],[-108.60265,37.57125],[-108.60143,37.5737],[-108.60722,37.57694],[-108.60715,37.57824],[-108.60898,37.57896],[-108.60917,37.57993],[-108.60733,37.58199],[-108.61252,37.58363],[-108.61267,37.58473],[-108.61149,37.58634],[-108.61228,37.5869],[-108.6132,37.58968],[-108.61298,37.59078],[-108.61211,37.59133],[-108.61436,37.59296],[-108.61584,37.59319],[-108.61761,37.5919],[-108.62349,37.59066],[-108.62446,37.59018],[-108.62509,37.58873],[-108.63344,37.58625],[-108.63495,37.58641],[-108.63678,37.58795],[-108.63894,37.58796],[-108.6402,37.58867],[-108.64407,37.58802],[-108.64609,37.59097],[-108.65234,37.59717],[-108.6542,37.59414],[-108.65531,37.59375],[-108.65886,37.59515],[-108.66014,37.59718],[-108.66322,37.59464],[-108.67285,37.59087],[-108.67366,37.58947],[-108.67718,37.58936],[-108.68012,37.59043],[-108.682,37.59018],[-108.68529,37.5893],[-108.69099,37.58627],[-108.69278,37.58676],[-108.69938,37.59083],[-108.70343,37.5919],[-108.70485,37.59341],[-108.70841,37.59521],[-108.71293,37.59656],[-108.71614,37.59912],[-108.71742,37.60139],[-108.71915,37.60292],[-108.71974,37.60237],[-108.71944,37.59986],[-108.72274,37.59953],[-108.72577,37.59705],[-108.73175,37.59556],[-108.7338,37.59656],[-108.73739,37.59986],[-108.74004,37.60014]]]}}]}