{"type":"FeatureCollection","features":[{"type":"Feature","properties":{"chapter":"Inscription House","agency":"Tuba City"},"geometry":{"type":"Polygon","coordinates":[[[-110.685,36.7711],[-110.6889,36.7723],[-110.6903,36.7768],[-110.6936,36.7766],[-110.695,36.7781],[-110.7059,36.7749],[-110.7114,36.7776],[-110.7123,36.782],[-110.7175,36.7854],[-110.7181,36.7867],[-110.7142,36.7962],[-110.7167,36.8025],[-110.716,36.8093],[-110.719,36.8103],[-110.7196,36.8146],[-110.7293,36.8177],[-110.7285,36.8198],[-110.7334,36.8346],[-110.7362,36.837],[-110.7322,36.8414],[-110.7293,36.8403],[-110.6998,36.8006],[-110.6739,36.8192],[-110.6698,36.8173],[-110.6689,36.8145],[-110.656,36.8037],[-110.6558,36.7931],[-110.658,36.7858],[-110.6608,36.7851],[-110.665,36.7795],[-110.6693,36.778],[-110.6738,36.7728],[-110.685,36.7711]]]}},{"type":"Feature","properties":{"chapter":"Navajo Mountain","agency":"Tuba City"},"geometry":{"type":"Polygon","coordinates":[[[-110.6998,36.8006],[-110.7293,36.8403],[-110.7322,36.8414],[-110.7252,36.8449],[-110.7231,36.8508],[-110.7262,36.8561],[-110.7311,36.8592],[-110.7355,36.8646],[-110.7403,36.8654],[-110.7413,36.8693],[-110.7485,36.8706],[-110.7531,36.8694],[-110.753,36.8751],[-110.7543,36.8766],[-110.761,36.8788],[-110.7648,36.8822],[-110.7702,36.8822],[-110.7723,36.8869],[-110.7794,36.8843],[-110.781,36.8806],[-110.787,36.8803],[-110.7878,36.8832],[-110.7971,36.8853],[-110.7967,36.8877],[-110.8002,36.8909],[-110.7991,36.8939],[-110.8016,36.8954],[-110.8051,36.8955],[-110.806,36.8969],[-110.8101,36.8965],[-110.8134,36.8978],[-110.8208,36.8957],[-110.8224,36.8933],[-110.8244,36.8929],[-110.8319,36.8942],[-110.8343,36.8983],[-110.8378,36.8967],[-110.8436,36.8967],[-110.8467,36.8994],[-110.8457,36.9049],[-110.8488,36.9065],[-110.8494,36.9126],[-110.8565,36.9162],[-110.8624,36.9241],[-110.8676,36.9247],[-110.8674,36.929],[-110.869,36.931],[-110.877,36.9315],[-110.8776,36.9331],[-110.8747,36.9389],[-110.8689,36.9416],[-110.8634,36.9406],[-110.8631,36.9457],[-110.8591,36.9474],[-110.8576,36.9513],[-110.8585,36.9539],[-110.8535,36.955],[-110.8521,36.9635],[-110.8495,36.9677],[-110.8493,36.9727],[-110.8449,36.9794],[-110.8358,36.9865],[-110.8353,36.995],[-110.8387,37.0057],[-110.8459,37.0101],[-110.8491,37.0139],[-110.8541,37.0153],[-110.8541,37.0192],[-110.8603,37.0223],[-110.8636,37.0262],[-110.8692,37.0298],[-110.8703,37.0332],[-110.8692,37.0357],[-110.8736,37.042],[-110.8702,37.0487],[-110.8719,37.0534],[-110.8722,37.0596],[-110.8741,37.0637],[-110.8812,37.0672],[-110.8796,37.0722],[-110.8807,37.0779],[-110.8883,37.084],[-110.8925,37.0815],[-110.8934,37.0859],[-110.9005,37.0864],[-110.903,37.0906],[-110.9015,37.0931],[-110.8963,37.0948],[-110.8969,37.0997],[-110.8936,37.1017],[-110.8922,37.1013],[-110.8875,37.1052],[-110.8884,37.1097],[-110.8866,37.1121],[-110.8919,37.1174],[-110.8913,37.1271],[-110.8896,37.1322],[-110.8918,37.1337],[-110.8893,37.1348],[-110.893,37.1428],[-110.8916,37.1436],[-110.8916,37.1471],[-110.8895,37.1492],[-110.8914,37.1532],[-110.8853,37.1599],[-110.8856,37.1632],[-110.8889,37.1667],[-110.8911,37.167],[-110.8915,37.1707],[-110.8934,37.1725],[-110.8934,37.1764],[-110.8988,37.1792],[-110.8947,37.1803],[-110.888,37.1763],[-110.8848,37.1768],[-110.8822,37.1787],[-110.8735,37.1919],[-110.8674,37.1965],[-110.8627,37.1963],[-110.8611,37.1933],[-110.8616,37.191],[-110.8701,37.1812],[-110.8745,37.1792],[-110.8754,37.1752],[-110.8724,37.1703],[-110.8652,37.1695],[-110.8637,37.1706],[-110.8637,37.1745],[-110.8671,37.18],[-110.8654,37.1817],[-110.8619,37.1822],[-110.8593,37.1809],[-110.8585,37.1701],[-110.8545,37.1692],[-110.8427,37.1748],[-110.8398,37.1799],[-110.8362,37.181],[-110.8333,37.1792],[-110.8327,37.1731],[-110.8306,37.1696],[-110.8251,37.1658],[-110.8172,37.166],[-110.8153,37.167],[-110.8134,37.1709],[-110.8088,37.1734],[-110.7983,37.1738],[-110.794,37.1718],[-110.7884,37.1712],[-110.7824,37.1754],[-110.7779,37.1697],[-110.7708,37.1715],[-110.7596,37.1701],[-110.7549,37.1752],[-110.7584,37.1797],[-110.7582,37.1841],[-110.7554,37.1856],[-110.7536,37.1839],[-110.7535,37.1775],[-110.7516,37.1754],[-110.7447,37.1744],[-110.7342,37.1756],[-110.7328,37.1768],[-110.7307,37.1868],[-110.7283,37.1894],[-110.7242,37.1911],[-110.7202,37.1902],[-110.7181,37.1821],[-110.7153,37.18],[-110.7087,37.1807],[-110.704,37.1862],[-110.6974,37.1872],[-110.6909,37.186],[-110.6841,37.1828],[-110.6761,37.1841],[-110.6701,37.1932],[-110.6646,37.196],[-110.6615,37.1991],[-110.6606,37.2083],[-110.6626,37.2119],[-110.6716,37.2165],[-110.6742,37.2196],[-110.6702,37.2226],[-110.6624,37.2323],[-110.6614,37.2366],[-110.6675,37.2382],[-110.6701,37.2409],[-110.673,37.2417],[-110.6827,37.2408],[-110.6889,37.2438],[-110.6992,37.2452],[-110.7049,37.2477],[-110.7094,37.2522],[-110.7104,37.2604],[-110.7069,37.2649],[-110.702,37.2679],[-110.6859,37.2629],[-110.6771,37.2543],[-110.6724,37.2514],[-110.6692,37.2516],[-110.6623,37.256],[-110.6551,37.2571],[-110.6535,37.2549],[-110.6539,37.2451],[-110.652,37.2428],[-110.6451,37.2408],[-110.6364,37.2405],[-110.6328,37.2388],[-110.6245,37.2297],[-110.6244,37.2247],[-110.6232,37.2234],[-110.611,37.2221],[-110.611,37.2144],[-110.6041,37.2088],[-110.5958,37.2096],[-110.5875,37.2137],[-110.5846,37.2165],[-110.5817,37.2169],[-110.5708,37.2135],[-110.5668,37.2106],[-110.5638,37.2107],[-110.562,37.212],[-110.5608,37.2167],[-110.559,37.2185],[-110.5466,37.2184],[-110.5411,37.2041],[-110.5283,37.1936],[-110.5275,37.1883],[-110.5247,37.1822],[-110.5226,37.1638],[-110.5169,37.148],[-110.5135,37.1235],[-110.5081,37.1097],[-110.5086,37.1031],[-110.5111,37.0998],[-110.5108,37.0969],[-110.5051,37.0936],[-110.505,37.0777],[-110.496,37.0729],[-110.5011,37.0677],[-110.4767,37.064],[-110.4778,37.056],[-110.4869,37.056],[-110.4898,37.0496],[-110.4934,37.0455],[-110.4911,37.0433],[-110.4778,37.0415],[-110.4791,37.0354],[-110.4841,37.0301],[-110.4811,37.027],[-110.4802,37.0226],[-110.4802,37.0201],[-110.4836,37.0187],[-110.4819,37.0087],[-110.4787,37.0087],[-110.4784,37.0071],[-110.4804,37.0051],[-110.4812,37.0011],[-110.4903,37.0036],[-110.7038,37.0033],[-110.7019,37.0014],[-110.7011,36.9958],[-110.6993,36.9938],[-110.6999,36.9909],[-110.6976,36.9905],[-110.6979,36.9887],[-110.693,36.9837],[-110.6928,36.9781],[-110.6902,36.9766],[-110.69,36.9743],[-110.6886,36.9731],[-110.6909,36.9694],[-110.6895,36.9649],[-110.683,36.9637],[-110.6799,36.962],[-110.6771,36.958],[-110.6793,36.9553],[-110.6777,36.9536],[-110.6773,36.9506],[-110.6789,36.9464],[-110.6752,36.9411],[-110.6756,36.9387],[-110.6668,36.9253],[-110.6713,36.9177],[-110.6713,36.9149],[-110.6736,36.9101],[-110.674,36.9037],[-110.6774,36.895],[-110.6732,36.8899],[-110.6691,36.8891],[-110.6541,36.88],[-110.6519,36.878],[-110.6513,36.8741],[-110.6703,36.8558],[-110.6719,36.8519],[-110.6758,36.8476],[-110.6742,36.8447],[-110.6755,36.8409],[-110.6727,36.8314],[-110.6736,36.8289],[-110.6719,36.8233],[-110.6739,36.8192],[-110.6998,36.8006]]]}},{"type":"Feature","properties":{"chapter":"Shonto","agency":"Tuba City"},"geometry":{"type":"Polygon","coordinates":[[[-110.4903,37.0036],[-110.4737,36.999],[-110.4681,36.9877],[-110.4647,36.984],[-110.4667,36.9818],[-110.4647,36.9806],[-110.4644,36.9762],[-110.4676,36.9735],[-110.4701,36.9734],[-110.4722,36.97],[-110.4745,36.9689],[-110.4745,36.9637],[-110.4716,36.9612],[-110.4655,36.9606],[-110.4637,36.958],[-110.4608,36.9572],[-110.4545,36.9487],[-110.4551,36.9441],[-110.453,36.9408],[-110.4517,36.9345],[-110.4542,36.9301],[-110.4541,36.9266],[-110.4574,36.9248],[-110.4588,36.9222],[-110.4541,36.9147],[-110.4456,36.911],[-110.4433,36.9044],[-110.4411,36.9029],[-110.4379,36.8976],[-110.4379,36.8938],[-110.4468,36.8814],[-110.4504,36.8792],[-110.4561,36.8791],[-110.4638,36.8752],[-110.4687,36.8779],[-110.4705,36.8733],[-110.466,36.8727],[-110.4665,36.8687],[-110.4737,36.8655],[-110.474,36.864],[-110.4712,36.8631],[-110.4706,36.8611],[-110.4642,36.8608],[-110.4648,36.8594],[-110.4731,36.8553],[-110.473,36.8502],[-110.4758,36.8471],[-110.4814,36.8484],[-110.4854,36.8471],[-110.4894,36.8502],[-110.4971,36.8447],[-110.489,36.8448],[-110.4862,36.8435],[-110.4856,36.8417],[-110.4861,36.8393],[-110.4885,36.8375],[-110.493,36.8379],[-110.4905,36.8351],[-110.4917,36.8341],[-110.4912,36.8313],[-110.4941,36.8291],[-110.4968,36.8304],[-110.4994,36.8273],[-110.503,36.8293],[-110.5049,36.826],[-110.502,36.8218],[-110.4954,36.8182],[-110.4949,36.8162],[-110.5009,36.8113],[-110.5034,36.8053],[-110.5098,36.7988],[-110.5099,36.7958],[-110.5117,36.795],[-110.5153,36.7846],[-110.521,36.7789],[-110.5255,36.7721],[-110.5296,36.7701],[-110.532,36.7632],[-110.5364,36.7619],[-110.5369,36.7601],[-110.5386,36.7606],[-110.539,36.7629],[-110.5428,36.7621],[-110.5444,36.7684],[-110.5471,36.7682],[-110.5499,36.7702],[-110.5476,36.7749],[-110.5513,36.7733],[-110.5537,36.7801],[-110.5543,36.7768],[-110.5532,36.7758],[-110.5558,36.7757],[-110.5549,36.7745],[-110.5556,36.7738],[-110.5539,36.7739],[-110.5518,36.7714],[-110.5531,36.7703],[-110.551,36.7682],[-110.5537,36.7664],[-110.5551,36.7668],[-110.5544,36.7656],[-110.55,36.7666],[-110.5467,36.7655],[-110.5476,36.7631],[-110.5491,36.7634],[-110.5472,36.7591],[-110.5492,36.7585],[-110.5487,36.7566],[-110.5439,36.7583],[-110.5421,36.7564],[-110.5431,36.7562],[-110.5425,36.7542],[-110.54,36.7549],[-110.538,36.7539],[-110.5386,36.7555],[-110.5371,36.7553],[-110.5344,36.7533],[-110.5363,36.751],[-110.5421,36.7505],[-110.538,36.748],[-110.5371,36.7459],[-110.542,36.7459],[-110.5404,36.7447],[-110.5413,36.7417],[-110.539,36.7401],[-110.5405,36.7387],[-110.5432,36.7392],[-110.5415,36.7371],[-110.5424,36.7349],[-110.5459,36.735],[-110.5433,36.7316],[-110.5444,36.7292],[-110.5435,36.7269],[-110.5456,36.7252],[-110.5433,36.7235],[-110.5442,36.7213],[-110.5459,36.7205],[-110.5485,36.7222],[-110.548,36.7234],[-110.5496,36.7251],[-110.5506,36.7236],[-110.5518,36.7243],[-110.5534,36.7276],[-110.5475,36.7322],[-110.5484,36.7347],[-110.547,36.7375],[-110.549,36.7394],[-110.5505,36.7357],[-110.5519,36.7358],[-110.5511,36.7334],[-110.5588,36.7273],[-110.5618,36.7293],[-110.5575,36.7336],[-110.5572,36.7361],[-110.5621,36.7321],[-110.565,36.7322],[-110.5624,36.7423],[-110.5703,36.7349],[-110.5699,36.7389],[-110.5714,36.739],[-110.5717,36.7413],[-110.5676,36.7471],[-110.5714,36.7459],[-110.5722,36.7434],[-110.5731,36.7437],[-110.5722,36.7423],[-110.5733,36.7399],[-110.5727,36.735],[-110.5756,36.7341],[-110.5774,36.7355],[-110.5751,36.7332],[-110.5707,36.7336],[-110.5714,36.7309],[-110.5685,36.73],[-110.5685,36.7287],[-110.5733,36.7272],[-110.5724,36.7257],[-110.568,36.7278],[-110.5626,36.7251],[-110.5646,36.7212],[-110.5628,36.7211],[-110.5596,36.7236],[-110.5596,36.7249],[-110.5567,36.7247],[-110.557,36.7219],[-110.5547,36.7225],[-110.5543,36.7214],[-110.5553,36.7193],[-110.5525,36.7197],[-110.5501,36.718],[-110.5504,36.7166],[-110.5545,36.7144],[-110.5583,36.7145],[-110.5597,36.7125],[-110.5573,36.7125],[-110.5583,36.7109],[-110.5517,36.7131],[-110.5509,36.7098],[-110.5491,36.7129],[-110.547,36.7126],[-110.5464,36.7143],[-110.5422,36.7162],[-110.5411,36.7145],[-110.5454,36.7109],[-110.5455,36.7085],[-110.5399,36.7102],[-110.5401,36.7078],[-110.5372,36.7079],[-110.5365,36.706],[-110.532,36.7042],[-110.5338,36.7011],[-110.5362,36.7015],[-110.5381,36.7],[-110.5403,36.7013],[-110.5417,36.6991],[-110.5457,36.6992],[-110.5455,36.6965],[-110.5512,36.6933],[-110.5484,36.6924],[-110.5402,36.6958],[-110.5385,36.6933],[-110.5364,36.6953],[-110.5353,36.6944],[-110.5298,36.6967],[-110.5294,36.6944],[-110.528,36.6936],[-110.5327,36.692],[-110.5311,36.6906],[-110.5332,36.6893],[-110.5329,36.688],[-110.5205,36.6896],[-110.5173,36.6857],[-110.5245,36.6865],[-110.5331,36.6834],[-110.5355,36.684],[-110.5394,36.6802],[-110.5328,36.6814],[-110.5329,36.6792],[-110.5379,36.6745],[-110.5326,36.6755],[-110.527,36.6828],[-110.5226,36.6839],[-110.5272,36.68],[-110.5284,36.6766],[-110.5262,36.6762],[-110.5228,36.679],[-110.5231,36.674],[-110.52,36.6744],[-110.5174,36.6768],[-110.5154,36.681],[-110.5117,36.6816],[-110.5099,36.6798],[-110.5104,36.6786],[-110.5121,36.6789],[-110.5148,36.6762],[-110.5146,36.675],[-110.5113,36.675],[-110.5124,36.6733],[-110.5112,36.6729],[-110.508,36.6735],[-110.5116,36.67],[-110.5155,36.6695],[-110.5152,36.6679],[-110.512,36.6686],[-110.5111,36.6674],[-110.5025,36.6709],[-110.5069,36.6669],[-110.5098,36.6667],[-110.5104,36.664],[-110.5143,36.6615],[-110.5085,36.6606],[-110.5048,36.6626],[-110.5069,36.6564],[-110.5037,36.6577],[-110.4993,36.6631],[-110.496,36.6646],[-110.5004,36.6585],[-110.4985,36.6549],[-110.4947,36.6576],[-110.4892,36.6592],[-110.4874,36.663],[-110.4859,36.6598],[-110.4831,36.6609],[-110.4807,36.6587],[-110.4777,36.6593],[-110.4771,36.6607],[-110.4712,36.6576],[-110.4688,36.659],[-110.4673,36.6567],[-110.4647,36.6571],[-110.467,36.6537],[-110.4618,36.6523],[-110.46,36.6499],[-110.466,36.6507],[-110.4664,36.6489],[-110.4639,36.646],[-110.4692,36.6469],[-110.4723,36.6503],[-110.4756,36.6479],[-110.4677,36.642],[-110.4694,36.6415],[-110.4726,36.6438],[-110.4773,36.6437],[-110.4798,36.6462],[-110.4809,36.6419],[-110.4728,36.6385],[-110.4737,36.6373],[-110.4803,36.6383],[-110.4878,36.6436],[-110.4889,36.6482],[-110.4912,36.647],[-110.4913,36.6423],[-110.4932,36.6407],[-110.4917,36.6384],[-110.4924,36.6355],[-110.4907,36.6337],[-110.4915,36.6313],[-110.4954,36.6287],[-110.4979,36.6289],[-110.4984,36.6319],[-110.4972,36.633],[-110.4993,36.6347],[-110.5012,36.64],[-110.5085,36.6439],[-110.5074,36.6399],[-110.5043,36.6384],[-110.5037,36.6364],[-110.5054,36.634],[-110.5012,36.6315],[-110.5023,36.6286],[-110.5059,36.6265],[-110.5025,36.6253],[-110.5026,36.6218],[-110.4945,36.6187],[-110.4947,36.6157],[-110.4977,36.611],[-110.4933,36.6007],[-110.4901,36.5846],[-110.4936,36.5716],[-110.4928,36.5689],[-110.4882,36.566],[-110.4869,36.5608],[-110.4855,36.5598],[-110.4866,36.5548],[-110.4861,36.5494],[-110.4895,36.5483],[-110.4977,36.5547],[-110.5038,36.5544],[-110.4913,36.5819],[-110.4963,36.5921],[-110.4991,36.6024],[-110.499,36.6072],[-110.5014,36.6091],[-110.5035,36.6146],[-110.5098,36.6171],[-110.5086,36.6214],[-110.5098,36.6271],[-110.5129,36.6334],[-110.5137,36.6419],[-110.516,36.645],[-110.5161,36.6519],[-110.5141,36.6573],[-110.5199,36.6584],[-110.5181,36.6623],[-110.5209,36.6636],[-110.5235,36.663],[-110.5233,36.6678],[-110.5291,36.6723],[-110.5351,36.6706],[-110.541,36.6711],[-110.5389,36.6763],[-110.5429,36.6789],[-110.5434,36.6822],[-110.5416,36.6847],[-110.542,36.687],[-110.5511,36.6846],[-110.5545,36.6853],[-110.5557,36.6876],[-110.5511,36.7011],[-110.5569,36.7018],[-110.5626,36.7043],[-110.5617,36.7093],[-110.5646,36.7126],[-110.565,36.7152],[-110.5759,36.7198],[-110.5767,36.7243],[-110.5816,36.7298],[-110.5853,36.7313],[-110.5849,36.7349],[-110.5871,36.7415],[-110.5828,36.7438],[-110.5824,36.7458],[-110.5752,36.7513],[-110.5723,36.7633],[-110.5686,36.7674],[-110.5628,36.7703],[-110.5764,36.7793],[-110.5774,36.7844],[-110.5752,36.7926],[-110.58,36.7951],[-110.5879,36.7933],[-110.5936,36.7934],[-110.5971,36.7888],[-110.6046,36.7839],[-110.6059,36.7779],[-110.6081,36.7777],[-110.6111,36.7746],[-110.6157,36.7751],[-110.6201,36.7741],[-110.6276,36.7797],[-110.6391,36.7796],[-110.6411,36.7823],[-110.6413,36.7874],[-110.6445,36.7924],[-110.658,36.7858],[-110.6558,36.7931],[-110.656,36.8037],[-110.6689,36.8145],[-110.6698,36.8173],[-110.6739,36.8192],[-110.6719,36.8233],[-110.6736,36.8289],[-110.6727,36.8314],[-110.6755,36.8409],[-110.6742,36.8447],[-110.6758,36.8476],[-110.6719,36.8519],[-110.6703,36.8558],[-110.6513,36.8741],[-110.6519,36.878],[-110.6541,36.88],[-110.6691,36.8891],[-110.6732,36.8899],[-110.6774,36.895],[-110.674,36.9037],[-110.6736,36.9101],[-110.6713,36.9149],[-110.6713,36.9177],[-110.6668,36.9253],[-110.6756,36.9387],[-110.6752,36.9411],[-110.6789,36.9464],[-110.6773,36.9506],[-110.6777,36.9536],[-110.6793,36.9553],[-110.6771,36.958],[-110.6799,36.962],[-110.683,36.9637],[-110.6895,36.9649],[-110.6909,36.9694],[-110.6886,36.9731],[-110.69,36.9743],[-110.6902,36.9766],[-110.6928,36.9781],[-110.693,36.9837],[-110.6979,36.9887],[-110.6976,36.9905],[-110.6999,36.9909],[-110.6993,36.9938],[-110.7011,36.9958],[-110.7019,37.0014],[-110.7038,37.0033],[-110.4903,37.0036]]]}},{"type":"Feature","properties":{"chapter":"Kayenta","agency":"Tuba City"},"geometry":{"type":"MultiPolygon","coordinates":[[[[-110.1987,36.5219],[-110.2001,36.5263],[-110.1997,36.5281],[-110.2035,36.5285],[-110.1992,36.528],[-110.1987,36.5219]]],[[[-110.4289,36.913],[-110.4287,36.9095],[-110.4326,36.8976],[-110.4314,36.8898],[-110.4325,36.8841],[-110.4428,36.8785],[-110.442,36.8765],[-110.4427,36.8733],[-110.4456,36.8704],[-110.4465,36.8658],[-110.4503,36.8631],[-110.4546,36.8653],[-110.4543,36.8598],[-110.4577,36.8549],[-110.4619,36.8536],[-110.4617,36.8488],[-110.4652,36.8472],[-110.4668,36.8419],[-110.4629,36.8364],[-110.4606,36.8357],[-110.4579,36.8383],[-110.4557,36.8379],[-110.4516,36.8349],[-110.45,36.832],[-110.4421,36.8273],[-110.4423,36.825],[-110.4476,36.8223],[-110.4476,36.8193],[-110.4501,36.8197],[-110.4517,36.8181],[-110.4537,36.813],[-110.4521,36.8095],[-110.4475,36.8089],[-110.4437,36.8102],[-110.4439,36.8067],[-110.4403,36.807],[-110.4382,36.801],[-110.4301,36.8019],[-110.4231,36.8044],[-110.4173,36.8041],[-110.4125,36.806],[-110.4083,36.8096],[-110.4077,36.8129],[-110.4043,36.8163],[-110.4003,36.8186],[-110.3944,36.8177],[-110.3938,36.821],[-110.3895,36.8236],[-110.3927,36.828],[-110.3949,36.8288],[-110.3948,36.8338],[-110.3978,36.8367],[-110.3973,36.8394],[-110.3933,36.841],[-110.3817,36.8499],[-110.3783,36.848],[-110.377,36.8526],[-110.3705,36.8559],[-110.3682,36.8553],[-110.3672,36.8522],[-110.3701,36.8476],[-110.3685,36.8455],[-110.362,36.8495],[-110.3625,36.846],[-110.3577,36.8474],[-110.3563,36.8422],[-110.3594,36.8386],[-110.3587,36.8321],[-110.3619,36.834],[-110.3679,36.8316],[-110.3727,36.8325],[-110.3762,36.8244],[-110.3714,36.8229],[-110.3641,36.8278],[-110.3629,36.8258],[-110.36,36.8272],[-110.3584,36.8261],[-110.3581,36.8224],[-110.3601,36.8187],[-110.3629,36.8178],[-110.3624,36.8154],[-110.3583,36.8146],[-110.3545,36.8169],[-110.3502,36.8152],[-110.3489,36.8182],[-110.3527,36.8197],[-110.3507,36.8214],[-110.353,36.8243],[-110.3526,36.8265],[-110.3477,36.831],[-110.3477,36.8325],[-110.3511,36.8332],[-110.3509,36.835],[-110.3478,36.8391],[-110.3446,36.8367],[-110.3418,36.8364],[-110.3414,36.84],[-110.3446,36.8455],[-110.3429,36.8479],[-110.3408,36.8447],[-110.3369,36.843],[-110.3367,36.8398],[-110.3317,36.8409],[-110.3288,36.8382],[-110.3247,36.8393],[-110.3208,36.8438],[-110.3242,36.8469],[-110.3244,36.8491],[-110.3294,36.8505],[-110.3299,36.8525],[-110.3326,36.8531],[-110.3344,36.8563],[-110.3311,36.8607],[-110.3307,36.8645],[-110.3218,36.8595],[-110.3224,36.8569],[-110.3209,36.855],[-110.3154,36.8546],[-110.3141,36.8528],[-110.3112,36.8528],[-110.3071,36.8506],[-110.3081,36.847],[-110.3017,36.8514],[-110.3004,36.8543],[-110.3013,36.8564],[-110.2991,36.8594],[-110.2948,36.8601],[-110.2679,36.8577],[-110.2569,36.875],[-110.2541,36.8744],[-110.2517,36.8697],[-110.2538,36.8655],[-110.2534,36.8637],[-110.2575,36.8625],[-110.2574,36.859],[-110.2537,36.8581],[-110.2498,36.8592],[-110.2445,36.8659],[-110.2433,36.8627],[-110.2414,36.8615],[-110.2417,36.86],[-110.238,36.8523],[-110.2361,36.8536],[-110.2363,36.8571],[-110.2345,36.8585],[-110.2321,36.8575],[-110.2307,36.8592],[-110.2328,36.8595],[-110.2358,36.8623],[-110.2341,36.8641],[-110.2383,36.8706],[-110.2368,36.8717],[-110.2324,36.8695],[-110.2278,36.8691],[-110.2244,36.8717],[-110.2143,36.8707],[-110.2132,36.872],[-110.2068,36.8731],[-110.2016,36.8693],[-110.2035,36.8676],[-110.2034,36.8656],[-110.1961,36.8567],[-110.1983,36.8529],[-110.1986,36.846],[-110.1965,36.8456],[-110.1922,36.8551],[-110.1903,36.8558],[-110.1912,36.8571],[-110.1878,36.8589],[-110.1728,36.8587],[-110.1574,36.8605],[-110.1461,36.8642],[-110.1377,36.8644],[-110.1347,36.8689],[-110.1297,36.8703],[-110.1262,36.8765],[-110.1236,36.877],[-110.1226,36.8794],[-110.1184,36.8799],[-110.1193,36.8837],[-110.118,36.8858],[-110.1131,36.8865],[-110.1095,36.8845],[-110.1054,36.888],[-110.096,36.8892],[-110.0928,36.8879],[-110.0852,36.8943],[-110.0756,36.8931],[-110.0729,36.8973],[-110.0707,36.896],[-110.0622,36.8984],[-110.0604,36.8976],[-110.0525,36.899],[-110.0511,36.8966],[-110.049,36.8963],[-110.0451,36.8993],[-110.0415,36.899],[-110.04,36.9011],[-110.0387,36.9006],[-110.0384,36.8966],[-110.0358,36.8951],[-110.0353,36.8898],[-110.0304,36.883],[-110.0265,36.8814],[-110.0192,36.8825],[-110.0176,36.8808],[-110.0129,36.8805],[-110.0038,36.8818],[-110.0007,36.8798],[-110.0006,36.8511],[-110.0271,36.8396],[-110.0394,36.8303],[-110.0424,36.8299],[-110.0437,36.8276],[-110.0537,36.8203],[-110.0552,36.8174],[-110.0587,36.8171],[-110.078,36.8042],[-110.0684,36.7473],[-110.1044,36.7302],[-110.1233,36.7268],[-110.124,36.7171],[-110.1282,36.7066],[-110.135,36.6948],[-110.1338,36.6812],[-110.1359,36.6775],[-110.1419,36.6726],[-110.1477,36.6639],[-110.1541,36.6454],[-110.1612,36.6387],[-110.1651,36.6309],[-110.1658,36.6264],[-110.169,36.6219],[-110.17,36.6146],[-110.1725,36.61],[-110.1682,36.6026],[-110.1662,36.595],[-110.167,36.5806],[-110.164,36.5738],[-110.1642,36.5703],[-110.1765,36.5616],[-110.177,36.5592],[-110.1749,36.551],[-110.1761,36.5532],[-110.1792,36.554],[-110.1848,36.5523],[-110.1884,36.5585],[-110.1935,36.5583],[-110.1948,36.5608],[-110.1984,36.561],[-110.1967,36.5585],[-110.1955,36.5469],[-110.2004,36.5453],[-110.2013,36.5397],[-110.203,36.5401],[-110.2038,36.5423],[-110.2058,36.5402],[-110.209,36.5396],[-110.2052,36.5358],[-110.2053,36.5341],[-110.2102,36.5313],[-110.2086,36.5303],[-110.214,36.5286],[-110.2143,36.5331],[-110.2162,36.5366],[-110.2148,36.5385],[-110.2159,36.5418],[-110.2131,36.5448],[-110.2123,36.5486],[-110.2147,36.5534],[-110.212,36.5558],[-110.2093,36.5627],[-110.209,36.5672],[-110.2044,36.5716],[-110.208,36.5788],[-110.2085,36.5853],[-110.2156,36.5883],[-110.2298,36.5905],[-110.2375,36.5961],[-110.2424,36.6058],[-110.2419,36.6127],[-110.2445,36.6136],[-110.2418,36.6162],[-110.2426,36.6225],[-110.2463,36.6284],[-110.2512,36.6313],[-110.2559,36.6361],[-110.259,36.6431],[-110.2588,36.6484],[-110.2605,36.6506],[-110.2645,36.6519],[-110.2728,36.6501],[-110.279,36.6509],[-110.2818,36.6461],[-110.2858,36.6439],[-110.2878,36.6439],[-110.2924,36.647],[-110.3029,36.6465],[-110.3071,36.6438],[-110.3114,36.6462],[-110.3135,36.6499],[-110.331,36.6615],[-110.3346,36.6572],[-110.3448,36.6512],[-110.3556,36.6489],[-110.361,36.6462],[-110.3763,36.6522],[-110.3808,36.6491],[-110.3879,36.6478],[-110.3945,36.6486],[-110.3995,36.6512],[-110.4077,36.6452],[-110.4148,36.637],[-110.4246,36.6324],[-110.4292,36.6276],[-110.4334,36.6269],[-110.4419,36.6205],[-110.4464,36.6187],[-110.4512,36.6142],[-110.453,36.6104],[-110.4569,36.6008],[-110.4586,36.5922],[-110.4725,36.5581],[-110.4793,36.5512],[-110.4861,36.5494],[-110.4866,36.5548],[-110.4855,36.5598],[-110.4869,36.5608],[-110.4882,36.566],[-110.4928,36.5689],[-110.4936,36.5716],[-110.4901,36.5846],[-110.4933,36.6007],[-110.4977,36.611],[-110.4947,36.6157],[-110.4945,36.6187],[-110.5026,36.6218],[-110.5025,36.6253],[-110.5059,36.6265],[-110.5023,36.6286],[-110.5012,36.6315],[-110.5054,36.634],[-110.5037,36.6364],[-110.5043,36.6384],[-110.5074,36.6399],[-110.5085,36.6439],[-110.5012,36.64],[-110.4993,36.6347],[-110.4972,36.633],[-110.4984,36.6319],[-110.4979,36.6289],[-110.4954,36.6287],[-110.4915,36.6313],[-110.4907,36.6337],[-110.4924,36.6355],[-110.4917,36.6384],[-110.4932,36.6407],[-110.4913,36.6423],[-110.4912,36.647],[-110.4889,36.6482],[-110.4878,36.6436],[-110.4803,36.6383],[-110.4737,36.6373],[-110.4728,36.6385],[-110.4809,36.6419],[-110.4798,36.6462],[-110.4773,36.6437],[-110.4726,36.6438],[-110.4694,36.6415],[-110.4677,36.642],[-110.4756,36.6479],[-110.4723,36.6503],[-110.4692,36.6469],[-110.4639,36.646],[-110.4664,36.6489],[-110.466,36.6507],[-110.46,36.6499],[-110.4618,36.6523],[-110.467,36.6537],[-110.4647,36.6571],[-110.4673,36.6567],[-110.4688,36.659],[-110.4712,36.6576],[-110.4771,36.6607],[-110.4777,36.6593],[-110.4807,36.6587],[-110.4831,36.6609],[-110.4859,36.6598],[-110.4874,36.663],[-110.4892,36.6592],[-110.4947,36.6576],[-110.4985,36.6549],[-110.5004,36.6585],[-110.496,36.6646],[-110.4993,36.6631],[-110.5037,36.6577],[-110.5069,36.6564],[-110.5048,36.6626],[-110.5085,36.6606],[-110.5143,36.6615],[-110.5104,36.664],[-110.5098,36.6667],[-110.5069,36.6669],[-110.5025,36.6709],[-110.5111,36.6674],[-110.512,36.6686],[-110.5152,36.6679],[-110.5155,36.6695],[-110.5116,36.67],[-110.508,36.6735],[-110.5112,36.6729],[-110.5124,36.6733],[-110.5113,36.675],[-110.5146,36.675],[-110.5148,36.6762],[-110.5121,36.6789],[-110.5104,36.6786],[-110.5099,36.6798],[-110.5117,36.6816],[-110.5154,36.681],[-110.5174,36.6768],[-110.52,36.6744],[-110.5231,36.674],[-110.5228,36.679],[-110.5262,36.6762],[-110.5284,36.6766],[-110.5272,36.68],[-110.5226,36.6839],[-110.527,36.6828],[-110.5326,36.6755],[-110.5379,36.6745],[-110.5329,36.6792],[-110.5328,36.6814],[-110.5394,36.6802],[-110.5355,36.684],[-110.5331,36.6834],[-110.5245,36.6865],[-110.5173,36.6857],[-110.5205,36.6896],[-110.5329,36.688],[-110.5332,36.6893],[-110.5311,36.6906],[-110.5327,36.692],[-110.528,36.6936],[-110.5294,36.6944],[-110.5298,36.6967],[-110.5353,36.6944],[-110.5364,36.6953],[-110.5385,36.6933],[-110.5402,36.6958],[-110.5484,36.6924],[-110.5512,36.6933],[-110.5455,36.6965],[-110.5457,36.6992],[-110.5417,36.6991],[-110.5403,36.7013],[-110.5381,36.7],[-110.5362,36.7015],[-110.5338,36.7011],[-110.532,36.7042],[-110.5365,36.706],[-110.5372,36.7079],[-110.5401,36.7078],[-110.5399,36.7102],[-110.5455,36.7085],[-110.5454,36.7109],[-110.5411,36.7145],[-110.5422,36.7162],[-110.5464,36.7143],[-110.547,36.7126],[-110.5491,36.7129],[-110.5509,36.7098],[-110.5517,36.7131],[-110.5583,36.7109],[-110.5573,36.7125],[-110.5597,36.7125],[-110.5583,36.7145],[-110.5545,36.7144],[-110.5504,36.7166],[-110.5501,36.718],[-110.5525,36.7197],[-110.5553,36.7193],[-110.5543,36.7214],[-110.5547,36.7225],[-110.557,36.7219],[-110.5567,36.7247],[-110.5596,36.7249],[-110.5596,36.7236],[-110.5628,36.7211],[-110.5646,36.7212],[-110.5626,36.7251],[-110.568,36.7278],[-110.5724,36.7257],[-110.5733,36.7272],[-110.5685,36.7287],[-110.5685,36.73],[-110.5714,36.7309],[-110.5707,36.7336],[-110.5751,36.7332],[-110.5774,36.7355],[-110.5756,36.7341],[-110.5727,36.735],[-110.5733,36.7399],[-110.5722,36.7423],[-110.5731,36.7437],[-110.5722,36.7434],[-110.5714,36.7459],[-110.5676,36.7471],[-110.5717,36.7413],[-110.5714,36.739],[-110.5699,36.7389],[-110.5703,36.7349],[-110.5624,36.7423],[-110.565,36.7322],[-110.5621,36.7321],[-110.5572,36.7361],[-110.5575,36.7336],[-110.5618,36.7293],[-110.5588,36.7273],[-110.5511,36.7334],[-110.5519,36.7358],[-110.5505,36.7357],[-110.549,36.7394],[-110.547,36.7375],[-110.5484,36.7347],[-110.5475,36.7322],[-110.5534,36.7276],[-110.5518,36.7243],[-110.5506,36.7236],[-110.5496,36.7251],[-110.548,36.7234],[-110.5485,36.7222],[-110.5459,36.7205],[-110.5442,36.7213],[-110.5433,36.7235],[-110.5456,36.7252],[-110.5435,36.7269],[-110.5444,36.7292],[-110.5433,36.7316],[-110.5459,36.735],[-110.5424,36.7349],[-110.5415,36.7371],[-110.5432,36.7392],[-110.5405,36.7387],[-110.539,36.7401],[-110.5413,36.7417],[-110.5404,36.7447],[-110.542,36.7459],[-110.5371,36.7459],[-110.538,36.748],[-110.5421,36.7505],[-110.5363,36.751],[-110.5344,36.7533],[-110.5371,36.7553],[-110.5386,36.7555],[-110.538,36.7539],[-110.54,36.7549],[-110.5425,36.7542],[-110.5431,36.7562],[-110.5421,36.7564],[-110.5439,36.7583],[-110.5487,36.7566],[-110.5492,36.7585],[-110.5472,36.7591],[-110.5491,36.7634],[-110.5476,36.7631],[-110.5467,36.7655],[-110.55,36.7666],[-110.5544,36.7656],[-110.5551,36.7668],[-110.5537,36.7664],[-110.551,36.7682],[-110.5531,36.7703],[-110.5518,36.7714],[-110.5539,36.7739],[-110.5556,36.7738],[-110.5549,36.7745],[-110.5558,36.7757],[-110.5532,36.7758],[-110.5543,36.7768],[-110.5537,36.7801],[-110.5513,36.7733],[-110.5476,36.7749],[-110.5499,36.7702],[-110.5471,36.7682],[-110.5444,36.7684],[-110.5428,36.7621],[-110.539,36.7629],[-110.5386,36.7606],[-110.5369,36.7601],[-110.5364,36.7619],[-110.532,36.7632],[-110.5296,36.7701],[-110.5255,36.7721],[-110.521,36.7789],[-110.5153,36.7846],[-110.5117,36.795],[-110.5099,36.7958],[-110.5098,36.7988],[-110.5034,36.8053],[-110.5009,36.8113],[-110.4949,36.8162],[-110.4954,36.8182],[-110.502,36.8218],[-110.5049,36.826],[-110.503,36.8293],[-110.4994,36.8273],[-110.4968,36.8304],[-110.4941,36.8291],[-110.4912,36.8313],[-110.4917,36.8341],[-110.4905,36.8351],[-110.493,36.8379],[-110.4885,36.8375],[-110.4861,36.8393],[-110.4856,36.8417],[-110.4862,36.8435],[-110.489,36.8448],[-110.4971,36.8447],[-110.4894,36.8502],[-110.4854,36.8471],[-110.4814,36.8484],[-110.4758,36.8471],[-110.473,36.8502],[-110.4731,36.8553],[-110.4648,36.8594],[-110.4642,36.8608],[-110.4706,36.8611],[-110.4712,36.8631],[-110.474,36.864],[-110.4737,36.8655],[-110.4665,36.8687],[-110.466,36.8727],[-110.4705,36.8733],[-110.4687,36.8779],[-110.4638,36.8752],[-110.4561,36.8791],[-110.4504,36.8792],[-110.4468,36.8814],[-110.4418,36.8894],[-110.4387,36.8916],[-110.4379,36.8976],[-110.4411,36.9029],[-110.4433,36.9044],[-110.4444,36.9093],[-110.4553,36.9162],[-110.4588,36.9222],[-110.4574,36.9248],[-110.4531,36.9248],[-110.4431,36.9194],[-110.433,36.9166],[-110.4289,36.913]]]]}},{"type":"Feature","properties":{"chapter":"Low Mountain","agency":"Fort Defiance"},"geometry":{"type":"MultiPolygon","coordinates":[[[[-109.8571,35.8995],[-109.8587,35.9029],[-109.8592,35.9117],[-109.8651,35.9194],[-109.8676,35.9261],[-109.8671,35.9294],[-109.8691,35.9311],[-109.8667,35.935],[-109.8682,35.9434],[-109.8728,35.9503],[-109.8712,35.9536],[-109.8716,35.956],[-109.8787,35.9667],[-109.8839,35.9697],[-109.8859,35.9775],[-109.8897,35.9851],[-109.8981,35.9922],[-109.899,35.9942],[-109.8983,35.9966],[-109.9016,35.9987],[-109.9006,36.0042],[-109.9017,36.0124],[-109.8955,35.9911],[-109.8874,35.9829],[-109.8836,35.9721],[-109.8738,35.9634],[-109.8696,35.9566],[-109.8696,35.9502],[-109.8668,35.9472],[-109.8655,35.9425],[-109.8647,35.9278],[-109.8611,35.9244],[-109.8615,35.9196],[-109.8574,35.9119],[-109.8561,35.9036],[-109.8545,35.9014],[-109.8571,35.8995]]],[[[-109.9022,36.0141],[-109.9061,36.0202],[-109.9055,36.0243],[-109.905,36.0199],[-109.9026,36.017],[-109.9022,36.0141]]],[[[-109.9058,36.0268],[-109.9077,36.0292],[-109.9108,36.0291],[-109.9137,36.032],[-109.9178,36.033],[-109.9211,36.0321],[-109.9312,36.0388],[-109.9373,36.0406],[-109.9285,36.0383],[-109.9221,36.0337],[-109.9149,36.0341],[-109.9072,36.0293],[-109.9058,36.0268]]],[[[-109.9383,36.0405],[-109.9473,36.0406],[-109.9475,36.0414],[-109.9383,36.0405]]]]}},{"type":"Feature","properties":{"chapter":"Steamboat","agency":"Fort Defiance"},"geometry":{"type":"Polygon","coordinates":[[[-109.7122,35.7369],[-109.7174,35.7363],[-109.719,35.7527],[-109.722,35.7588],[-109.7309,35.756],[-109.7358,35.7557],[-109.7416,35.7582],[-109.748,35.7569],[-109.755,35.7513],[-109.7596,35.7563],[-109.7627,35.7564],[-109.7655,35.7596],[-109.7644,35.7674],[-109.7721,35.7656],[-109.7836,35.7699],[-109.7852,35.7716],[-109.7892,35.7703],[-109.7911,35.7746],[-109.7948,35.7769],[-109.7962,35.7799],[-109.7889,35.7874],[-109.7923,35.7884],[-109.7955,35.7864],[-109.796,35.7916],[-109.8043,35.798],[-109.8085,35.7975],[-109.8123,35.7945],[-109.8171,35.7945],[-109.8223,35.7927],[-109.8322,35.7986],[-109.8318,35.8018],[-109.8356,35.8062],[-109.839,35.8067],[-109.8452,35.804],[-109.8478,35.8092],[-109.8462,35.8167],[-109.851,35.8168],[-109.8511,35.8209],[-109.8554,35.8205],[-109.8574,35.8215],[-109.8535,35.8246],[-109.853,35.8267],[-109.8546,35.829],[-109.8545,35.8368],[-109.8571,35.844],[-109.8543,35.8479],[-109.855,35.8532],[-109.8525,35.8562],[-109.849,35.8558],[-109.8446,35.8533],[-109.8348,35.8553],[-109.831,35.8569],[-109.8303,35.8589],[-109.8348,35.8655],[-109.8349,35.8727],[-109.8383,35.8749],[-109.8386,35.8821],[-109.8528,35.8866],[-109.8552,35.8903],[-109.8542,35.8957],[-109.857,35.8994],[-109.8545,35.9014],[-109.8521,35.8953],[-109.8483,35.894],[-109.8203,35.8929],[-109.8124,35.8942],[-109.7746,35.8911],[-109.7631,35.8942],[-109.7088,35.8963],[-109.7059,35.8795],[-109.7055,35.8694],[-109.7095,35.8469],[-109.6933,35.8266],[-109.6939,35.8213],[-109.6976,35.8155],[-109.7021,35.7999],[-109.7033,35.7851],[-109.6859,35.7879],[-109.6726,35.7846],[-109.6725,35.7798],[-109.6701,35.7748],[-109.6825,35.7557],[-109.6986,35.7424],[-109.7074,35.7405],[-109.7122,35.7369]]]}},{"type":"Feature","properties":{"chapter":"Cornfields","agency":"Fort Defiance"},"geometry":{"type":"Polygon","coordinates":[[[-109.7025,35.7362],[-109.7071,35.7378],[-109.7122,35.7369],[-109.7074,35.7405],[-109.6986,35.7424],[-109.6883,35.7509],[-109.6949,35.7441],[-109.6969,35.7395],[-109.7025,35.7362]]]}},{"type":"Feature","properties":{"chapter":"Ganado","agency":"Fort Defiance"},"geometry":{"type":"MultiPolygon","coordinates":[[[[-109.5115,35.7927],[-109.5129,35.7948],[-109.5178,35.7956],[-109.5199,35.7998],[-109.5226,35.7995],[-109.5181,35.8005],[-109.5187,35.799],[-109.5169,35.7973],[-109.5043,35.795],[-109.5115,35.7927]]],[[[-109.5915,35.8671],[-109.5892,35.8675],[-109.5909,35.8719],[-109.5826,35.8704],[-109.5796,35.8665],[-109.575,35.8652],[-109.5697,35.8534],[-109.5651,35.85],[-109.5646,35.8467],[-109.5512,35.8383],[-109.5448,35.8369],[-109.542,35.8317],[-109.5418,35.8259],[-109.5453,35.8232],[-109.546,35.8214],[-109.5433,35.8195],[-109.5407,35.8204],[-109.5417,35.8166],[-109.539,35.8138],[-109.5343,35.804],[-109.5311,35.8033],[-109.5296,35.8007],[-109.5271,35.8016],[-109.5271,35.7998],[-109.5247,35.7986],[-109.5281,35.7981],[-109.5342,35.803],[-109.5422,35.8143],[-109.5424,35.8186],[-109.5495,35.8194],[-109.555,35.8063],[-109.5608,35.8012],[-109.5614,35.7943],[-109.568,35.7867],[-109.5759,35.7831],[-109.5786,35.7792],[-109.5762,35.7769],[-109.5761,35.7751],[-109.5798,35.7685],[-109.5887,35.7659],[-109.5894,35.7621],[-109.5929,35.7595],[-109.6056,35.757],[-109.6147,35.7502],[-109.6196,35.7482],[-109.6244,35.742],[-109.6396,35.7454],[-109.6556,35.7454],[-109.6596,35.7472],[-109.659,35.7486],[-109.6601,35.7494],[-109.6612,35.7544],[-109.6605,35.756],[-109.662,35.7598],[-109.6615,35.7668],[-109.6626,35.7685],[-109.678,35.7625],[-109.6701,35.7748],[-109.6725,35.7798],[-109.6726,35.7846],[-109.6859,35.7879],[-109.7033,35.7851],[-109.7021,35.7999],[-109.6976,35.8155],[-109.6939,35.8213],[-109.6933,35.8266],[-109.7095,35.8469],[-109.7055,35.8694],[-109.7059,35.8795],[-109.7088,35.8963],[-109.6914,35.8969],[-109.6004,35.8769],[-109.5971,35.8747],[-109.5957,35.8705],[-109.5915,35.8671]]]]}},{"type":"Feature","properties":{"chapter":"Tselani","agency":"Chinle"},"geometry":{"type":"Polygon","coordinates":[[[-109.652,35.8882],[-109.6914,35.8969],[-109.7631,35.8942],[-109.7746,35.8911],[-109.8124,35.8942],[-109.8203,35.8929],[-109.8449,35.8938],[-109.8521,35.8953],[-109.8561,35.9036],[-109.8574,35.9119],[-109.8615,35.9196],[-109.8611,35.9244],[-109.8647,35.9278],[-109.8655,35.9425],[-109.8668,35.9472],[-109.8696,35.9502],[-109.8696,35.9566],[-109.8738,35.9634],[-109.8836,35.9721],[-109.8874,35.9829],[-109.8955,35.9911],[-109.9026,36.017],[-109.905,36.0199],[-109.9061,36.0278],[-109.9149,36.0341],[-109.9221,36.0337],[-109.9313,36.0394],[-109.9404,36.0403],[-109.9456,36.0416],[-109.9466,36.0431],[-109.9434,36.0492],[-109.948,36.0583],[-109.9474,36.0661],[-109.9488,36.0714],[-109.9468,36.0764],[-109.9509,36.0892],[-109.9492,36.0959],[-109.9554,36.1067],[-109.9561,36.1099],[-109.95,36.1144],[-109.9413,36.1174],[-109.9397,36.1191],[-109.9318,36.1196],[-109.927,36.1244],[-109.9271,36.129],[-109.9256,36.1314],[-109.9179,36.1355],[-109.9166,36.1385],[-109.9107,36.1402],[-109.9155,36.1454],[-109.9202,36.1475],[-109.9192,36.1519],[-109.9168,36.1544],[-109.9143,36.1549],[-109.9133,36.1572],[-109.9085,36.1594],[-109.9042,36.1597],[-109.9026,36.1642],[-109.8981,36.1688],[-109.887,36.1756],[-109.8851,36.1834],[-109.8796,36.1887],[-109.8727,36.1878],[-109.8641,36.1984],[-109.8594,36.1988],[-109.8528,36.2041],[-109.8328,36.1905],[-109.8214,36.1789],[-109.8166,36.1692],[-109.8152,36.1592],[-109.817,36.1489],[-109.799,36.1296],[-109.7779,36.1148],[-109.7578,36.1069],[-109.7311,36.0987],[-109.7199,36.0928],[-109.7107,36.0771],[-109.6771,36.0476],[-109.6567,36.0344],[-109.647,36.0319],[-109.6393,36.0323],[-109.639,36.0245],[-109.6404,36.0181],[-109.645,36.0086],[-109.6444,35.9996],[-109.6429,35.9974],[-109.6249,35.9882],[-109.6224,35.9835],[-109.6229,35.9802],[-109.6248,35.9777],[-109.6245,35.9748],[-109.6324,35.9622],[-109.6341,35.9528],[-109.6381,35.9448],[-109.6567,35.924],[-109.6569,35.9225],[-109.6529,35.9184],[-109.6518,35.9135],[-109.6559,35.905],[-109.6553,35.9021],[-109.6506,35.8958],[-109.652,35.8882]]]}},{"type":"Feature","properties":{"chapter":"Nazlini","agency":"Chinle"},"geometry":{"type":"Polygon","coordinates":[[[-109.3402,36.0985],[-109.3386,36.0946],[-109.3362,36.0928],[-109.3319,36.0935],[-109.3306,36.0908],[-109.3264,36.0898],[-109.3263,36.0856],[-109.3284,36.0814],[-109.3252,36.0816],[-109.324,36.0803],[-109.321,36.083],[-109.3168,36.078],[-109.3179,36.0761],[-109.3167,36.074],[-109.3112,36.0784],[-109.308,36.0781],[-109.3059,36.0754],[-109.3062,36.073],[-109.302,36.07],[-109.3042,36.0667],[-109.3039,36.056],[-109.2999,36.0535],[-109.2996,36.0484],[-109.2983,36.0487],[-109.2894,36.0418],[-109.2893,36.0387],[-109.2906,36.0367],[-109.2897,36.0333],[-109.292,36.0319],[-109.2869,36.0293],[-109.2826,36.0242],[-109.283,36.0189],[-109.281,36.0153],[-109.2823,36.0123],[-109.2811,36.011],[-109.2834,36.0096],[-109.2819,36.0079],[-109.2841,36.0059],[-109.2813,36.0],[-109.2801,36.0059],[-109.2774,36.0096],[-109.2779,36.0121],[-109.2763,36.0158],[-109.2709,36.0164],[-109.2698,36.0181],[-109.2645,36.0178],[-109.2603,36.0204],[-109.2549,36.0195],[-109.2535,36.0146],[-109.255,36.0107],[-109.2537,36.0091],[-109.2541,36.0042],[-109.2553,36.0027],[-109.2497,36.0],[-109.2495,36.001],[-109.2519,36.0025],[-109.2523,36.0084],[-109.2489,36.0214],[-109.2408,36.0219],[-109.2347,36.0173],[-109.2266,36.0163],[-109.2247,36.0141],[-109.2202,36.0134],[-109.2074,36.0037],[-109.1936,35.9837],[-109.1819,35.9628],[-109.1769,35.9588],[-109.1731,35.9503],[-109.1702,35.9247],[-109.1845,35.9152],[-109.1923,35.9066],[-109.1992,35.9036],[-109.2001,35.8931],[-109.2055,35.8817],[-109.2187,35.8868],[-109.2293,35.8871],[-109.232,35.8889],[-109.2362,35.8892],[-109.2419,35.8917],[-109.2436,35.8961],[-109.2486,35.898],[-109.2566,35.8968],[-109.2642,35.8921],[-109.2658,35.8923],[-109.2725,35.8999],[-109.2803,35.8949],[-109.2883,35.8946],[-109.2923,35.8929],[-109.3027,35.8931],[-109.3269,35.8976],[-109.3415,35.8966],[-109.3495,35.8939],[-109.3571,35.8868],[-109.376,35.8729],[-109.3868,35.8687],[-109.4001,35.8668],[-109.4055,35.8638],[-109.4093,35.8637],[-109.4122,35.861],[-109.4149,35.8603],[-109.4215,35.8485],[-109.4263,35.8432],[-109.4278,35.8393],[-109.4356,35.8328],[-109.4438,35.8291],[-109.4484,35.8255],[-109.4519,35.8249],[-109.456,35.8218],[-109.4587,35.8233],[-109.4737,35.812],[-109.4867,35.8106],[-109.4874,35.8063],[-109.4889,35.805],[-109.4963,35.8036],[-109.5001,35.8044],[-109.5068,35.811],[-109.5099,35.8124],[-109.5133,35.8111],[-109.5144,35.8028],[-109.5186,35.8],[-109.5247,35.7986],[-109.5271,35.7998],[-109.5271,35.8016],[-109.5296,35.8007],[-109.5311,35.8033],[-109.5343,35.804],[-109.539,35.8138],[-109.5417,35.8166],[-109.5407,35.8204],[-109.5433,35.8195],[-109.546,35.8214],[-109.5453,35.8232],[-109.5418,35.8259],[-109.542,35.8317],[-109.5438,35.8357],[-109.5512,35.8383],[-109.5646,35.8467],[-109.5651,35.85],[-109.5697,35.8534],[-109.575,35.8652],[-109.5796,35.8665],[-109.5826,35.8704],[-109.5909,35.8719],[-109.5892,35.8675],[-109.5915,35.8671],[-109.5957,35.8705],[-109.5971,35.8747],[-109.6004,35.8769],[-109.652,35.8882],[-109.6506,35.8958],[-109.6553,35.9021],[-109.6559,35.905],[-109.6518,35.9135],[-109.6529,35.9184],[-109.6569,35.9225],[-109.6567,35.924],[-109.6381,35.9448],[-109.6341,35.9528],[-109.6324,35.9622],[-109.6245,35.9748],[-109.6248,35.9777],[-109.6229,35.9802],[-109.6224,35.9835],[-109.6249,35.9882],[-109.6429,35.9974],[-109.6444,35.9996],[-109.645,36.0086],[-109.6404,36.0181],[-109.639,36.0245],[-109.6393,36.0323],[-109.6268,36.0313],[-109.5991,36.0348],[-109.5847,36.0411],[-109.5762,36.0485],[-109.5687,36.0579],[-109.5632,36.0597],[-109.5561,36.0599],[-109.541,36.0581],[-109.5396,36.0597],[-109.5327,36.0608],[-109.5285,36.0592],[-109.5278,36.0575],[-109.5225,36.0543],[-109.5076,36.0536],[-109.5022,36.0554],[-109.4962,36.0527],[-109.4919,36.0539],[-109.4819,36.0537],[-109.4783,36.0504],[-109.4752,36.0437],[-109.4754,36.0416],[-109.4721,36.0432],[-109.4655,36.0404],[-109.4585,36.0416],[-109.4563,36.0381],[-109.4538,36.0367],[-109.4541,36.035],[-109.4506,36.0353],[-109.4495,36.0342],[-109.4489,36.0357],[-109.4452,36.0354],[-109.4437,36.0372],[-109.4414,36.0367],[-109.4401,36.0377],[-109.4379,36.0357],[-109.4352,36.0359],[-109.4358,36.0348],[-109.4341,36.0339],[-109.4287,36.033],[-109.4272,36.0316],[-109.4254,36.0326],[-109.4233,36.0311],[-109.4216,36.0316],[-109.4211,36.0299],[-109.4141,36.0284],[-109.4127,36.027],[-109.4039,36.0271],[-109.4021,36.0297],[-109.4004,36.029],[-109.3997,36.0316],[-109.3913,36.0342],[-109.3891,36.0324],[-109.3839,36.0329],[-109.3785,36.0352],[-109.3709,36.0333],[-109.3653,36.0358],[-109.3559,36.0363],[-109.3539,36.0382],[-109.3544,36.0406],[-109.3527,36.0474],[-109.3509,36.047],[-109.3547,36.0536],[-109.3541,36.0622],[-109.3555,36.0632],[-109.3531,36.0646],[-109.3522,36.0669],[-109.3541,36.0693],[-109.3527,36.0717],[-109.3534,36.0734],[-109.3559,36.0742],[-109.3541,36.0804],[-109.3508,36.082],[-109.3465,36.0769],[-109.3463,36.075],[-109.3433,36.073],[-109.3436,36.0717],[-109.3366,36.066],[-109.3377,36.0707],[-109.3363,36.0725],[-109.3404,36.0729],[-109.3425,36.076],[-109.3416,36.0779],[-109.3435,36.0773],[-109.3461,36.0831],[-109.3481,36.084],[-109.3478,36.0852],[-109.3503,36.0876],[-109.3489,36.0915],[-109.3433,36.0941],[-109.3403,36.0927],[-109.3411,36.0951],[-109.3446,36.0971],[-109.3433,36.0985],[-109.3402,36.0985]]]}},{"type":"Feature","properties":{"chapter":"Kinlichee","agency":"Fort Defiance"},"geometry":{"type":"MultiPolygon","coordinates":[[[[-109.5071,35.7953],[-109.5169,35.7973],[-109.5187,35.799],[-109.5144,35.8028],[-109.5133,35.8111],[-109.5099,35.8124],[-109.5068,35.811],[-109.5001,35.8044],[-109.4963,35.8036],[-109.4882,35.8052],[-109.497,35.7972],[-109.5071,35.7953]]],[[[-109.4374,35.8162],[-109.4416,35.8166],[-109.456,35.8218],[-109.4316,35.8356],[-109.4215,35.8485],[-109.4149,35.8603],[-109.4122,35.861],[-109.4093,35.8637],[-109.4055,35.8638],[-109.4001,35.8668],[-109.3868,35.8687],[-109.3768,35.8725],[-109.3842,35.8689],[-109.3901,35.8633],[-109.3911,35.8597],[-109.398,35.8582],[-109.4061,35.8527],[-109.4086,35.8495],[-109.4087,35.8454],[-109.4121,35.8418],[-109.4143,35.8369],[-109.4189,35.8343],[-109.4229,35.8306],[-109.4257,35.8255],[-109.4302,35.8241],[-109.4374,35.8162]]],[[[-109.376,35.8729],[-109.3557,35.888],[-109.3594,35.882],[-109.376,35.8729]]],[[[-109.2419,35.8917],[-109.2469,35.8893],[-109.2496,35.8863],[-109.2545,35.8862],[-109.2599,35.8815],[-109.2658,35.8922],[-109.2631,35.8922],[-109.2566,35.8968],[-109.2486,35.898],[-109.2436,35.8961],[-109.2419,35.8917]]],[[[-109.352,35.8913],[-109.3532,35.8901],[-109.3539,35.8896],[-109.352,35.8913]]],[[[-109.3464,35.8948],[-109.3473,35.8944],[-109.3479,35.8943],[-109.3464,35.8948]]],[[[-109.3047,35.8919],[-109.3179,35.8932],[-109.3235,35.8969],[-109.3319,35.8969],[-109.3269,35.8976],[-109.3173,35.8965],[-109.3027,35.8931],[-109.3047,35.8919]]],[[[-109.3444,35.895],[-109.346,35.895],[-109.3436,35.8957],[-109.3444,35.895]]]]}},{"type":"Feature","properties":{"chapter":"Tachee/Bluegap","agency":"Chinle"},"geometry":{"type":"Polygon","coordinates":[[[-109.9475,36.0414],[-109.9514,36.0513],[-109.9507,36.0637],[-109.9545,36.0702],[-109.9553,36.0793],[-109.9541,36.0817],[-109.9543,36.087],[-109.9595,36.0916],[-109.9584,36.1083],[-109.9534,36.1141],[-109.9444,36.1206],[-109.9356,36.1219],[-109.9291,36.1277],[-109.9263,36.133],[-109.9189,36.1373],[-109.9153,36.1433],[-109.9204,36.1466],[-109.9205,36.1515],[-109.9168,36.1554],[-109.9147,36.1557],[-109.9135,36.1581],[-109.9043,36.1619],[-109.9035,36.1648],[-109.899,36.1694],[-109.8878,36.1769],[-109.887,36.1824],[-109.8819,36.189],[-109.8789,36.1899],[-109.8778,36.1891],[-109.8851,36.1834],[-109.887,36.1756],[-109.8981,36.1688],[-109.9026,36.1642],[-109.9042,36.1597],[-109.9085,36.1594],[-109.9133,36.1572],[-109.9143,36.1549],[-109.9168,36.1544],[-109.9192,36.1519],[-109.9202,36.1475],[-109.9155,36.1454],[-109.9107,36.1402],[-109.9166,36.1385],[-109.9179,36.1355],[-109.9256,36.1314],[-109.9271,36.129],[-109.927,36.1244],[-109.9318,36.1196],[-109.9397,36.1191],[-109.9413,36.1174],[-109.95,36.1144],[-109.9561,36.1099],[-109.9554,36.1067],[-109.9492,36.0959],[-109.9509,36.0892],[-109.9468,36.0764],[-109.9488,36.0714],[-109.9474,36.0661],[-109.948,36.0583],[-109.9434,36.0492],[-109.9466,36.0431],[-109.9456,36.0416],[-109.9475,36.0414]]]}},{"type":"Feature","properties":{"chapter":"Black Mesa","agency":"Chinle"},"geometry":{"type":"MultiPolygon","coordinates":[[[[-109.8113,36.2789],[-109.8093,36.2822],[-109.8104,36.2866],[-109.8088,36.2933],[-109.8095,36.2988],[-109.8151,36.3091],[-109.8187,36.3112],[-109.8214,36.315],[-109.8278,36.3165],[-109.8266,36.322],[-109.8248,36.3231],[-109.8255,36.3271],[-109.8282,36.3297],[-109.8277,36.3322],[-109.8292,36.3341],[-109.8284,36.3368],[-109.8301,36.3411],[-109.8288,36.348],[-109.8334,36.3531],[-109.8342,36.357],[-109.8423,36.3617],[-109.8413,36.3655],[-109.8384,36.3688],[-109.8388,36.3719],[-109.8358,36.3749],[-109.8368,36.3771],[-109.8421,36.379],[-109.8605,36.3789],[-109.8632,36.3772],[-109.8669,36.3771],[-109.8711,36.3739],[-109.8784,36.3738],[-109.8817,36.3753],[-109.8836,36.3829],[-109.8867,36.3849],[-109.892,36.3848],[-109.9046,36.3875],[-109.9101,36.3847],[-109.9154,36.3846],[-109.9221,36.3893],[-109.9184,36.3882],[-109.8891,36.388],[-109.8826,36.3857],[-109.8772,36.3791],[-109.8725,36.3771],[-109.8597,36.3804],[-109.8356,36.379],[-109.8311,36.3739],[-109.8316,36.3683],[-109.8295,36.3618],[-109.8264,36.3571],[-109.827,36.3344],[-109.8201,36.3205],[-109.8193,36.3154],[-109.8092,36.3029],[-109.808,36.2984],[-109.8078,36.2825],[-109.8113,36.2789]]],[[[-109.9296,36.4129],[-109.9286,36.4204],[-109.9302,36.422],[-109.9364,36.4215],[-109.9405,36.4189],[-109.9478,36.4207],[-109.9297,36.4234],[-109.9271,36.4202],[-109.9279,36.4152],[-109.9296,36.4129]]],[[[-109.9702,36.4432],[-109.9831,36.4527],[-109.9979,36.4526],[-110.0067,36.4552],[-110.0004,36.4557],[-109.9985,36.4539],[-109.9928,36.4554],[-109.9897,36.4536],[-109.9801,36.4542],[-109.9771,36.4523],[-109.9749,36.4478],[-109.9687,36.4433],[-109.9702,36.4432]]],[[[-110.0637,36.453],[-110.0659,36.454],[-110.0713,36.4534],[-110.073,36.4561],[-110.0837,36.4632],[-110.0858,36.4687],[-110.085,36.4734],[-110.0905,36.4711],[-110.1006,36.4694],[-110.1059,36.471],[-110.1106,36.4694],[-110.1135,36.47],[-110.084,36.4751],[-110.081,36.4735],[-110.0834,36.469],[-110.0832,36.4644],[-110.0768,36.4601],[-110.0702,36.4537],[-110.0666,36.4543],[-110.0619,36.4538],[-110.0637,36.453]]]]}},{"type":"Feature","properties":{"chapter":"Many Farms","agency":"Chinle"},"geometry":{"type":"Polygon","coordinates":[[[-109.6004,36.5381],[-109.6039,36.5367],[-109.5974,36.5309],[-109.5975,36.5296],[-109.6008,36.5279],[-109.5992,36.5255],[-109.6011,36.5211],[-109.6001,36.5174],[-109.6048,36.5155],[-109.606,36.5126],[-109.603,36.5097],[-109.5998,36.5099],[-109.5965,36.5059],[-109.5966,36.5043],[-109.601,36.5007],[-109.6019,36.4984],[-109.6008,36.497],[-109.5974,36.4967],[-109.5953,36.4925],[-109.5923,36.4915],[-109.5933,36.4847],[-109.5957,36.4821],[-109.5957,36.4798],[-109.5879,36.4767],[-109.5826,36.4728],[-109.589,36.4707],[-109.5909,36.4684],[-109.5914,36.46],[-109.5975,36.4549],[-109.5979,36.4466],[-109.5958,36.4412],[-109.5987,36.4359],[-109.5987,36.433],[-109.5978,36.431],[-109.5916,36.4273],[-109.5876,36.4228],[-109.5833,36.4224],[-109.5801,36.4258],[-109.5766,36.4255],[-109.5705,36.4186],[-109.5598,36.4119],[-109.5529,36.4093],[-109.5406,36.4094],[-109.5335,36.4057],[-109.5284,36.4049],[-109.5154,36.4081],[-109.5071,36.405],[-109.4909,36.4136],[-109.4776,36.4168],[-109.4762,36.4161],[-109.4731,36.4074],[-109.4574,36.4004],[-109.4505,36.4011],[-109.4438,36.4082],[-109.4459,36.417],[-109.4435,36.4234],[-109.4436,36.4293],[-109.439,36.4246],[-109.4362,36.4236],[-109.4335,36.4256],[-109.4307,36.4257],[-109.4286,36.4216],[-109.4258,36.4213],[-109.4221,36.4171],[-109.4152,36.4173],[-109.4151,36.4144],[-109.4112,36.4062],[-109.4051,36.4019],[-109.4055,36.3983],[-109.404,36.3947],[-109.4064,36.3925],[-109.4044,36.3907],[-109.4002,36.3796],[-109.3898,36.3787],[-109.3907,36.3761],[-109.3893,36.3747],[-109.3892,36.3718],[-109.3828,36.3673],[-109.3819,36.3648],[-109.3805,36.3648],[-109.3783,36.3594],[-109.3721,36.3572],[-109.3712,36.3439],[-109.3739,36.3371],[-109.38,36.3083],[-109.3911,36.3101],[-109.3967,36.3094],[-109.4036,36.3064],[-109.4179,36.3061],[-109.4203,36.3038],[-109.4208,36.3011],[-109.4171,36.2872],[-109.4129,36.2777],[-109.4131,36.2751],[-109.4149,36.2742],[-109.421,36.2745],[-109.4205,36.2713],[-109.4186,36.269],[-109.4196,36.2678],[-109.4174,36.2649],[-109.4183,36.2639],[-109.4213,36.2677],[-109.4206,36.2689],[-109.4215,36.2706],[-109.4251,36.2737],[-109.4261,36.2786],[-109.4293,36.2796],[-109.4323,36.2772],[-109.4324,36.2751],[-109.4359,36.2753],[-109.4406,36.272],[-109.4478,36.2692],[-109.4478,36.2647],[-109.4568,36.2611],[-109.4629,36.2555],[-109.4664,36.2551],[-109.4708,36.2597],[-109.4706,36.2611],[-109.4746,36.2626],[-109.4834,36.2633],[-109.4905,36.2673],[-109.4919,36.2701],[-109.4936,36.2708],[-109.4983,36.2694],[-109.5092,36.2714],[-109.5198,36.2712],[-109.5262,36.2771],[-109.5271,36.2795],[-109.532,36.2802],[-109.5381,36.2845],[-109.5394,36.2874],[-109.5382,36.2896],[-109.54,36.2891],[-109.5422,36.2921],[-109.544,36.2913],[-109.5454,36.2925],[-109.5501,36.2928],[-109.5534,36.2952],[-109.5571,36.2948],[-109.5657,36.2903],[-109.5721,36.2899],[-109.5888,36.2941],[-109.627,36.2938],[-109.6468,36.2914],[-109.6487,36.2972],[-109.6464,36.3058],[-109.648,36.3135],[-109.6491,36.3143],[-109.6545,36.3135],[-109.6581,36.3155],[-109.6596,36.3156],[-109.6645,36.3117],[-109.6773,36.3103],[-109.6784,36.3071],[-109.684,36.3],[-109.6839,36.2937],[-109.6873,36.2868],[-109.6907,36.2858],[-109.6928,36.2836],[-109.6988,36.2822],[-109.7021,36.2794],[-109.7021,36.2827],[-109.7,36.2838],[-109.6987,36.2881],[-109.6958,36.2893],[-109.6957,36.2916],[-109.6915,36.2976],[-109.691,36.3013],[-109.688,36.3003],[-109.6886,36.3048],[-109.6874,36.3077],[-109.684,36.3098],[-109.6836,36.3118],[-109.6811,36.3141],[-109.6805,36.3181],[-109.6837,36.3194],[-109.6849,36.3221],[-109.6831,36.3282],[-109.688,36.3351],[-109.693,36.3405],[-109.7053,36.346],[-109.7076,36.3488],[-109.7054,36.3559],[-109.7082,36.3582],[-109.707,36.3632],[-109.7053,36.3694],[-109.7002,36.3724],[-109.6989,36.3751],[-109.7,36.3768],[-109.7098,36.3764],[-109.7139,36.3738],[-109.7175,36.3749],[-109.7188,36.3772],[-109.7184,36.379],[-109.7161,36.3803],[-109.7047,36.3833],[-109.7052,36.3962],[-109.7035,36.4074],[-109.6997,36.4152],[-109.6908,36.4231],[-109.6722,36.4319],[-109.668,36.4355],[-109.6654,36.4415],[-109.6732,36.4463],[-109.7164,36.453],[-109.7214,36.4557],[-109.7224,36.4835],[-109.6699,36.4829],[-109.6576,36.484],[-109.6544,36.489],[-109.6453,36.4929],[-109.6424,36.4966],[-109.6396,36.5098],[-109.6329,36.5123],[-109.6267,36.5179],[-109.6279,36.5224],[-109.6253,36.5281],[-109.6217,36.5311],[-109.6215,36.5332],[-109.6245,36.535],[-109.6253,36.5372],[-109.6244,36.5445],[-109.6178,36.5582],[-109.6126,36.5623],[-109.6149,36.5674],[-109.5879,36.5748],[-109.5877,36.5712],[-109.589,36.5694],[-109.5876,36.569],[-109.5871,36.5665],[-109.5921,36.557],[-109.5928,36.5486],[-109.5981,36.5468],[-109.5974,36.5451],[-109.6019,36.543],[-109.6004,36.5381]]]}},{"type":"Feature","properties":{"chapter":"Chinle","agency":"Chinle"},"geometry":{"type":"Polygon","coordinates":[[[-109.6596,36.3156],[-109.6545,36.3135],[-109.6491,36.3143],[-109.648,36.3135],[-109.6464,36.3058],[-109.6487,36.2972],[-109.6468,36.2914],[-109.627,36.2938],[-109.5888,36.2941],[-109.5721,36.2899],[-109.5657,36.2903],[-109.5571,36.2948],[-109.5534,36.2952],[-109.5501,36.2928],[-109.5454,36.2925],[-109.544,36.2913],[-109.5422,36.2921],[-109.54,36.2891],[-109.5382,36.2896],[-109.5394,36.2874],[-109.5381,36.2845],[-109.532,36.2802],[-109.5271,36.2795],[-109.5262,36.2771],[-109.5198,36.2712],[-109.5092,36.2714],[-109.4983,36.2694],[-109.4936,36.2708],[-109.4919,36.2701],[-109.4905,36.2673],[-109.4834,36.2633],[-109.4746,36.2626],[-109.4706,36.2611],[-109.4708,36.2597],[-109.4664,36.2551],[-109.4629,36.2555],[-109.4596,36.258],[-109.4552,36.2581],[-109.4535,36.2567],[-109.4532,36.2542],[-109.4499,36.2525],[-109.4319,36.2517],[-109.4295,36.2491],[-109.4256,36.2496],[-109.4204,36.2449],[-109.4156,36.2452],[-109.4118,36.2426],[-109.3902,36.2423],[-109.3691,36.2332],[-109.3654,36.2339],[-109.3676,36.2351],[-109.3661,36.2365],[-109.3607,36.238],[-109.3594,36.2424],[-109.3613,36.2441],[-109.3613,36.2469],[-109.3595,36.2507],[-109.3515,36.2531],[-109.3527,36.2626],[-109.3519,36.2661],[-109.3545,36.269],[-109.3512,36.2717],[-109.3482,36.2675],[-109.3481,36.2631],[-109.3465,36.2596],[-109.3439,36.2569],[-109.3384,36.2659],[-109.3335,36.2665],[-109.3274,36.2721],[-109.3258,36.2693],[-109.3203,36.2672],[-109.3174,36.2696],[-109.3169,36.2737],[-109.3119,36.2758],[-109.3134,36.2725],[-109.31,36.2728],[-109.3102,36.2707],[-109.3164,36.2642],[-109.3228,36.2634],[-109.3247,36.2642],[-109.3289,36.2614],[-109.3329,36.2609],[-109.3333,36.2583],[-109.3262,36.2557],[-109.3309,36.2527],[-109.3312,36.2478],[-109.3285,36.2478],[-109.3267,36.25],[-109.3237,36.2503],[-109.3195,36.2489],[-109.3174,36.2459],[-109.3118,36.2482],[-109.3061,36.2484],[-109.3016,36.2506],[-109.297,36.2551],[-109.2944,36.2523],[-109.2862,36.2559],[-109.2844,36.2556],[-109.2821,36.2528],[-109.2794,36.2525],[-109.2771,36.2504],[-109.2749,36.2531],[-109.2711,36.2525],[-109.2683,36.254],[-109.2617,36.2531],[-109.2562,36.2572],[-109.2513,36.2589],[-109.2444,36.2564],[-109.2367,36.2612],[-109.2259,36.2636],[-109.2253,36.2614],[-109.2334,36.2594],[-109.2357,36.2562],[-109.2454,36.2518],[-109.2514,36.254],[-109.2522,36.2522],[-109.2555,36.2518],[-109.2564,36.2501],[-109.2624,36.2479],[-109.2687,36.2486],[-109.2777,36.2449],[-109.2828,36.2458],[-109.287,36.249],[-109.2894,36.247],[-109.2879,36.2429],[-109.2918,36.2408],[-109.2949,36.2451],[-109.3004,36.245],[-109.304,36.2427],[-109.3086,36.2428],[-109.3157,36.2398],[-109.3187,36.2402],[-109.3222,36.2425],[-109.3228,36.2363],[-109.3244,36.2367],[-109.3263,36.2403],[-109.3299,36.242],[-109.334,36.2425],[-109.3357,36.2412],[-109.3385,36.2421],[-109.3398,36.2458],[-109.3367,36.2498],[-109.338,36.2521],[-109.3516,36.2469],[-109.3525,36.2455],[-109.3509,36.2423],[-109.3508,36.2348],[-109.3421,36.2331],[-109.3413,36.2313],[-109.3426,36.2266],[-109.3442,36.2253],[-109.3461,36.2254],[-109.3488,36.229],[-109.3476,36.2241],[-109.3518,36.2227],[-109.3561,36.2186],[-109.3482,36.2181],[-109.3435,36.2137],[-109.3467,36.212],[-109.3505,36.2139],[-109.3539,36.2113],[-109.3585,36.212],[-109.3605,36.2077],[-109.3561,36.2065],[-109.3535,36.2024],[-109.3454,36.2014],[-109.3431,36.1993],[-109.3528,36.1969],[-109.3591,36.1984],[-109.3618,36.1946],[-109.3633,36.1947],[-109.3693,36.2006],[-109.3691,36.2045],[-109.3707,36.2045],[-109.3714,36.2018],[-109.3746,36.1986],[-109.3732,36.1934],[-109.3753,36.1913],[-109.3799,36.1901],[-109.3754,36.1882],[-109.3741,36.1864],[-109.3748,36.1849],[-109.3696,36.1826],[-109.3658,36.1828],[-109.3626,36.1789],[-109.3533,36.1795],[-109.3564,36.1765],[-109.3564,36.1745],[-109.3583,36.1735],[-109.3575,36.1709],[-109.362,36.1697],[-109.3648,36.1716],[-109.3675,36.1698],[-109.3694,36.1699],[-109.3706,36.1713],[-109.3699,36.1754],[-109.3759,36.1792],[-109.3773,36.1769],[-109.3797,36.1767],[-109.3826,36.1786],[-109.3848,36.1823],[-109.3951,36.181],[-109.4,36.1785],[-109.4006,36.1734],[-109.3919,36.1714],[-109.3907,36.1679],[-109.3975,36.169],[-109.402,36.1672],[-109.4047,36.169],[-109.4114,36.1659],[-109.4109,36.163],[-109.4072,36.1636],[-109.4101,36.1589],[-109.4193,36.1591],[-109.4193,36.1552],[-109.4244,36.1578],[-109.4217,36.152],[-109.4192,36.151],[-109.4159,36.1461],[-109.4128,36.1454],[-109.4106,36.1465],[-109.4107,36.1525],[-109.4007,36.1521],[-109.394,36.1553],[-109.3898,36.1545],[-109.3862,36.1561],[-109.3733,36.1527],[-109.3703,36.1545],[-109.368,36.1523],[-109.3653,36.1519],[-109.3572,36.1541],[-109.3544,36.1528],[-109.3459,36.1523],[-109.341,36.1538],[-109.3384,36.1583],[-109.3358,36.1597],[-109.3296,36.1589],[-109.324,36.1617],[-109.3199,36.1602],[-109.3158,36.1607],[-109.314,36.1587],[-109.3344,36.1562],[-109.3364,36.1549],[-109.3375,36.1512],[-109.343,36.1492],[-109.3621,36.148],[-109.3654,36.1463],[-109.3641,36.1416],[-109.3656,36.1411],[-109.3721,36.1478],[-109.3826,36.1491],[-109.3852,36.1504],[-109.3913,36.1502],[-109.3921,36.149],[-109.399,36.1474],[-109.4031,36.1479],[-109.4048,36.1415],[-109.4022,36.1376],[-109.3995,36.1363],[-109.4023,36.1338],[-109.4053,36.1341],[-109.4118,36.1393],[-109.4172,36.1363],[-109.4176,36.1418],[-109.4238,36.148],[-109.4258,36.1473],[-109.4289,36.1498],[-109.4389,36.1523],[-109.4399,36.1493],[-109.4427,36.1492],[-109.446,36.152],[-109.4502,36.1505],[-109.451,36.1539],[-109.4526,36.1551],[-109.4554,36.1542],[-109.4613,36.1557],[-109.4672,36.1541],[-109.4672,36.1493],[-109.4714,36.1498],[-109.4722,36.1478],[-109.4788,36.1458],[-109.4811,36.1438],[-109.4813,36.1405],[-109.478,36.1385],[-109.471,36.1388],[-109.4688,36.1368],[-109.4718,36.1349],[-109.4659,36.135],[-109.4599,36.1375],[-109.4583,36.1371],[-109.4579,36.1345],[-109.4535,36.1356],[-109.453,36.1339],[-109.4553,36.1309],[-109.4525,36.1269],[-109.4473,36.1266],[-109.4432,36.1279],[-109.4421,36.1268],[-109.4426,36.1245],[-109.4398,36.1222],[-109.4371,36.1242],[-109.4328,36.1238],[-109.4306,36.1219],[-109.4276,36.1243],[-109.4232,36.1208],[-109.4232,36.1176],[-109.4192,36.1142],[-109.4153,36.1171],[-109.4109,36.1174],[-109.4073,36.1153],[-109.4025,36.1184],[-109.3995,36.1184],[-109.3975,36.1169],[-109.3982,36.1142],[-109.3954,36.1126],[-109.3937,36.1096],[-109.3915,36.1132],[-109.3865,36.1121],[-109.3826,36.1157],[-109.3801,36.1146],[-109.3775,36.1109],[-109.3756,36.1159],[-109.372,36.1161],[-109.3706,36.1178],[-109.3624,36.1123],[-109.3585,36.1148],[-109.355,36.1129],[-109.3537,36.1171],[-109.3543,36.1213],[-109.3514,36.1216],[-109.3503,36.123],[-109.3456,36.1212],[-109.3444,36.1156],[-109.3395,36.1161],[-109.3391,36.119],[-109.3318,36.1275],[-109.3241,36.1319],[-109.3226,36.1315],[-109.3267,36.1244],[-109.3261,36.1231],[-109.3198,36.1263],[-109.3228,36.1206],[-109.3222,36.1182],[-109.3187,36.1199],[-109.3147,36.124],[-109.3107,36.123],[-109.304,36.1297],[-109.3005,36.1271],[-109.2978,36.1285],[-109.2929,36.1284],[-109.2903,36.1347],[-109.2854,36.1335],[-109.2841,36.1282],[-109.2821,36.128],[-109.2791,36.1305],[-109.2773,36.1361],[-109.2743,36.1358],[-109.2687,36.1402],[-109.2685,36.1367],[-109.2673,36.1358],[-109.2715,36.131],[-109.2716,36.1261],[-109.264,36.1246],[-109.2578,36.1264],[-109.2539,36.1248],[-109.2509,36.1276],[-109.2461,36.1273],[-109.2416,36.1302],[-109.2406,36.1344],[-109.2387,36.1361],[-109.2405,36.1374],[-109.2398,36.1418],[-109.2368,36.1406],[-109.2336,36.1413],[-109.2316,36.1389],[-109.2257,36.1421],[-109.2256,36.1491],[-109.2292,36.1515],[-109.2305,36.155],[-109.2261,36.1542],[-109.2168,36.1616],[-109.2155,36.1598],[-109.2206,36.1539],[-109.2176,36.1448],[-109.2134,36.1465],[-109.2096,36.1446],[-109.2046,36.1475],[-109.2015,36.1454],[-109.1977,36.1474],[-109.1914,36.1451],[-109.1884,36.1475],[-109.1894,36.1508],[-109.1886,36.1524],[-109.187,36.1524],[-109.1842,36.1481],[-109.1818,36.1486],[-109.1803,36.1511],[-109.1752,36.1509],[-109.1741,36.1546],[-109.1672,36.1603],[-109.166,36.1592],[-109.169,36.156],[-109.1689,36.1532],[-109.1724,36.1519],[-109.1734,36.149],[-109.1767,36.1484],[-109.1776,36.1457],[-109.1848,36.1429],[-109.1879,36.1398],[-109.1878,36.1382],[-109.1834,36.1367],[-109.1813,36.1345],[-109.1773,36.1352],[-109.1752,36.1334],[-109.1718,36.1338],[-109.1675,36.1311],[-109.1642,36.131],[-109.1628,36.1288],[-109.1599,36.1282],[-109.1585,36.1244],[-109.1503,36.1238],[-109.1487,36.1222],[-109.1571,36.1208],[-109.154,36.116],[-109.156,36.1142],[-109.1573,36.1146],[-109.16,36.1208],[-109.1627,36.1223],[-109.1628,36.1254],[-109.1658,36.1271],[-109.1745,36.1238],[-109.1749,36.1253],[-109.1721,36.1284],[-109.174,36.1293],[-109.1795,36.1278],[-109.1813,36.1298],[-109.1867,36.132],[-109.1918,36.1292],[-109.1916,36.1323],[-109.198,36.1334],[-109.1992,36.1342],[-109.1991,36.1374],[-109.2044,36.1376],[-109.2117,36.1353],[-109.2137,36.1372],[-109.2182,36.1352],[-109.222,36.1314],[-109.2291,36.1305],[-109.2307,36.1265],[-109.2342,36.1229],[-109.2295,36.1201],[-109.227,36.1201],[-109.2274,36.1189],[-109.2348,36.1182],[-109.2412,36.1192],[-109.2416,36.1167],[-109.2386,36.1114],[-109.24,36.1087],[-109.2393,36.1032],[-109.2437,36.1051],[-109.2477,36.1035],[-109.2481,36.1058],[-109.2465,36.1091],[-109.2495,36.1134],[-109.2575,36.1112],[-109.2631,36.1135],[-109.2635,36.1114],[-109.2659,36.1106],[-109.2744,36.1124],[-109.2792,36.1169],[-109.2777,36.1119],[-109.2787,36.1103],[-109.2804,36.1112],[-109.2824,36.1105],[-109.2837,36.1135],[-109.2931,36.1145],[-109.301,36.1169],[-109.3046,36.1156],[-109.3029,36.1119],[-109.307,36.111],[-109.3097,36.1127],[-109.3131,36.1112],[-109.3156,36.1128],[-109.3222,36.1099],[-109.3327,36.1088],[-109.3379,36.1055],[-109.3379,36.1033],[-109.3357,36.1027],[-109.3344,36.1001],[-109.3324,36.0994],[-109.3299,36.1007],[-109.3234,36.1007],[-109.3202,36.1033],[-109.3203,36.0988],[-109.3236,36.0969],[-109.3204,36.0953],[-109.319,36.092],[-109.3152,36.0918],[-109.3157,36.0886],[-109.3132,36.0869],[-109.312,36.0834],[-109.2986,36.0863],[-109.3011,36.0807],[-109.3002,36.0771],[-109.2884,36.0754],[-109.2969,36.0717],[-109.2895,36.0705],[-109.2925,36.0672],[-109.2977,36.0664],[-109.298,36.0641],[-109.2968,36.0628],[-109.2976,36.0583],[-109.2945,36.0558],[-109.2949,36.0535],[-109.2937,36.0511],[-109.2899,36.0473],[-109.2837,36.047],[-109.2808,36.0452],[-109.2834,36.0427],[-109.2826,36.0397],[-109.2852,36.0349],[-109.282,36.03],[-109.277,36.0257],[-109.2767,36.0216],[-109.2724,36.0208],[-109.2669,36.0235],[-109.2601,36.0244],[-109.2576,36.0263],[-109.2571,36.03],[-109.2533,36.0347],[-109.2522,36.0311],[-109.254,36.0289],[-109.2536,36.0275],[-109.2497,36.0286],[-109.2473,36.0255],[-109.2429,36.0298],[-109.2417,36.0298],[-109.2404,36.0284],[-109.2422,36.0271],[-109.2418,36.0249],[-109.2396,36.0245],[-109.2372,36.0216],[-109.2342,36.0223],[-109.2347,36.0194],[-109.2336,36.0181],[-109.2276,36.0166],[-109.2347,36.0173],[-109.2408,36.0219],[-109.2489,36.0214],[-109.2523,36.0084],[-109.2519,36.0025],[-109.2495,36.001],[-109.2497,36.0],[-109.2553,36.0027],[-109.2541,36.0042],[-109.2537,36.0091],[-109.255,36.0107],[-109.2535,36.0146],[-109.2549,36.0195],[-109.2579,36.0204],[-109.2615,36.02],[-109.2645,36.0178],[-109.2698,36.0181],[-109.2709,36.0164],[-109.2763,36.0158],[-109.2779,36.0121],[-109.2774,36.0096],[-109.2801,36.0059],[-109.2813,36.0],[-109.2841,36.0059],[-109.2819,36.0079],[-109.2834,36.0096],[-109.2811,36.011],[-109.2823,36.0123],[-109.281,36.0153],[-109.283,36.0189],[-109.2826,36.0242],[-109.2869,36.0293],[-109.292,36.0319],[-109.2897,36.0333],[-109.2906,36.0367],[-109.2893,36.0387],[-109.2894,36.0418],[-109.2983,36.0487],[-109.2996,36.0484],[-109.2999,36.0535],[-109.3039,36.056],[-109.3042,36.0667],[-109.302,36.07],[-109.3062,36.073],[-109.3059,36.0754],[-109.308,36.0781],[-109.3112,36.0784],[-109.3167,36.074],[-109.3179,36.0761],[-109.3168,36.078],[-109.321,36.083],[-109.324,36.0803],[-109.3252,36.0816],[-109.3284,36.0814],[-109.3263,36.0856],[-109.3264,36.0898],[-109.3306,36.0908],[-109.3319,36.0935],[-109.3362,36.0928],[-109.3386,36.0946],[-109.3402,36.0985],[-109.3433,36.0985],[-109.3446,36.0971],[-109.3411,36.0951],[-109.3403,36.0927],[-109.3433,36.0941],[-109.3489,36.0915],[-109.3503,36.0876],[-109.3478,36.0852],[-109.3481,36.084],[-109.3461,36.0831],[-109.3435,36.0773],[-109.3416,36.0779],[-109.3425,36.076],[-109.3404,36.0729],[-109.3363,36.0725],[-109.3377,36.0707],[-109.3366,36.066],[-109.3436,36.0717],[-109.3433,36.073],[-109.3463,36.075],[-109.3465,36.0769],[-109.3508,36.082],[-109.3541,36.0804],[-109.3559,36.0742],[-109.3534,36.0734],[-109.3527,36.0717],[-109.3541,36.0693],[-109.3522,36.0669],[-109.3531,36.0646],[-109.3555,36.0632],[-109.3541,36.0622],[-109.3547,36.0536],[-109.3509,36.047],[-109.353,36.0466],[-109.3543,36.0373],[-109.3653,36.0358],[-109.368,36.0337],[-109.375,36.0336],[-109.3785,36.0352],[-109.3839,36.0329],[-109.3891,36.0324],[-109.3913,36.0342],[-109.3997,36.0316],[-109.4004,36.029],[-109.4021,36.0297],[-109.4039,36.0271],[-109.4127,36.027],[-109.4141,36.0284],[-109.4211,36.0299],[-109.4216,36.0316],[-109.4233,36.0311],[-109.4254,36.0326],[-109.4272,36.0316],[-109.4287,36.033],[-109.4341,36.0339],[-109.4358,36.0348],[-109.4352,36.0359],[-109.4379,36.0357],[-109.4401,36.0377],[-109.4414,36.0367],[-109.4437,36.0372],[-109.4452,36.0354],[-109.4489,36.0357],[-109.4495,36.0342],[-109.4506,36.0353],[-109.4541,36.035],[-109.4538,36.0367],[-109.4563,36.0381],[-109.4585,36.0416],[-109.4655,36.0404],[-109.4721,36.0432],[-109.4754,36.0416],[-109.4752,36.0437],[-109.4783,36.0504],[-109.4819,36.0537],[-109.4919,36.0539],[-109.4962,36.0527],[-109.5022,36.0554],[-109.5076,36.0536],[-109.5225,36.0543],[-109.5278,36.0575],[-109.5285,36.0592],[-109.5327,36.0608],[-109.5396,36.0597],[-109.541,36.0581],[-109.5561,36.0599],[-109.5632,36.0597],[-109.5687,36.0579],[-109.5762,36.0485],[-109.5847,36.0411],[-109.5991,36.0348],[-109.6268,36.0313],[-109.647,36.0319],[-109.6567,36.0344],[-109.6771,36.0476],[-109.7107,36.0771],[-109.7199,36.0928],[-109.7311,36.0987],[-109.7578,36.1069],[-109.7779,36.1148],[-109.799,36.1296],[-109.817,36.1489],[-109.8152,36.1592],[-109.8166,36.1692],[-109.8214,36.1789],[-109.8328,36.1905],[-109.8528,36.2041],[-109.8506,36.2057],[-109.849,36.2093],[-109.8484,36.215],[-109.8449,36.2182],[-109.8455,36.2251],[-109.848,36.2279],[-109.8469,36.234],[-109.8365,36.2372],[-109.8341,36.2433],[-109.8281,36.2463],[-109.829,36.2533],[-109.8221,36.2587],[-109.8201,36.2618],[-109.8114,36.2641],[-109.8125,36.2749],[-109.8112,36.2787],[-109.8078,36.2825],[-109.808,36.2984],[-109.7672,36.2972],[-109.7626,36.292],[-109.7549,36.2875],[-109.7498,36.2864],[-109.7314,36.2734],[-109.7277,36.2727],[-109.7168,36.2663],[-109.713,36.2659],[-109.6988,36.2822],[-109.6928,36.2836],[-109.6907,36.2858],[-109.6873,36.2868],[-109.6839,36.2937],[-109.684,36.3],[-109.6784,36.3071],[-109.6773,36.3103],[-109.6645,36.3117],[-109.6596,36.3156]]]}},{"type":"Feature","properties":{"chapter":"Round Rock","agency":"Chinle"},"geometry":{"type":"Polygon","coordinates":[[[-109.3338,36.6625],[-109.3376,36.6567],[-109.3344,36.6524],[-109.3366,36.6502],[-109.3382,36.6441],[-109.3328,36.6412],[-109.3307,36.6427],[-109.3324,36.6472],[-109.3283,36.6517],[-109.3272,36.6574],[-109.3243,36.6599],[-109.323,36.6582],[-109.3266,36.6469],[-109.3241,36.6467],[-109.3218,36.6499],[-109.3186,36.6512],[-109.3182,36.6482],[-109.3166,36.648],[-109.3145,36.652],[-109.311,36.6549],[-109.3106,36.6514],[-109.3062,36.6525],[-109.3053,36.6502],[-109.308,36.6482],[-109.3119,36.6475],[-109.3107,36.6452],[-109.3152,36.6436],[-109.3154,36.6425],[-109.314,36.6411],[-109.3089,36.6422],[-109.3075,36.6406],[-109.3049,36.641],[-109.3036,36.6435],[-109.3016,36.6431],[-109.3022,36.6394],[-109.3045,36.638],[-109.2995,36.6349],[-109.296,36.6362],[-109.2947,36.6347],[-109.2952,36.6334],[-109.2915,36.6346],[-109.2907,36.6319],[-109.2842,36.6307],[-109.2844,36.6292],[-109.2883,36.6285],[-109.2942,36.6297],[-109.2942,36.6288],[-109.2892,36.6268],[-109.287,36.624],[-109.2836,36.623],[-109.2808,36.6238],[-109.2772,36.6202],[-109.2769,36.6184],[-109.2802,36.6169],[-109.284,36.6196],[-109.2855,36.6184],[-109.2874,36.6198],[-109.2896,36.6187],[-109.2954,36.6246],[-109.2982,36.6247],[-109.2964,36.6219],[-109.2979,36.6195],[-109.2966,36.6175],[-109.2892,36.6143],[-109.2885,36.6123],[-109.2856,36.6134],[-109.2811,36.613],[-109.2802,36.6118],[-109.2823,36.6092],[-109.2784,36.6092],[-109.2764,36.6041],[-109.2736,36.6043],[-109.2723,36.6021],[-109.2755,36.5939],[-109.2752,36.5904],[-109.2777,36.5869],[-109.2724,36.583],[-109.2728,36.5808],[-109.2759,36.5798],[-109.2782,36.5761],[-109.2779,36.5733],[-109.2802,36.5705],[-109.2866,36.5689],[-109.2903,36.5629],[-109.2948,36.5603],[-109.2911,36.556],[-109.2897,36.5506],[-109.2875,36.5493],[-109.2909,36.5448],[-109.2935,36.5341],[-109.2965,36.5314],[-109.2991,36.5311],[-109.3011,36.5329],[-109.3077,36.5314],[-109.3088,36.5327],[-109.3056,36.5359],[-109.2984,36.5376],[-109.2985,36.5392],[-109.3015,36.5408],[-109.3058,36.5398],[-109.3137,36.5353],[-109.3168,36.5318],[-109.3253,36.5282],[-109.3348,36.5188],[-109.353,36.5111],[-109.3719,36.5081],[-109.3839,36.5009],[-109.395,36.4794],[-109.3956,36.4729],[-109.3983,36.4669],[-109.3981,36.4633],[-109.3948,36.4577],[-109.3944,36.447],[-109.3969,36.4439],[-109.4017,36.442],[-109.4065,36.4439],[-109.4125,36.4489],[-109.4148,36.4488],[-109.4158,36.446],[-109.4203,36.445],[-109.4247,36.441],[-109.4265,36.4419],[-109.432,36.4395],[-109.4338,36.4415],[-109.4364,36.4393],[-109.4434,36.4402],[-109.4453,36.438],[-109.4466,36.4396],[-109.4486,36.4395],[-109.4513,36.4436],[-109.4524,36.443],[-109.4523,36.4382],[-109.4499,36.432],[-109.4458,36.4315],[-109.4436,36.4293],[-109.4432,36.4269],[-109.4443,36.4194],[-109.4459,36.417],[-109.4438,36.4082],[-109.4505,36.4011],[-109.4574,36.4004],[-109.4717,36.4064],[-109.4749,36.4111],[-109.4762,36.4161],[-109.4776,36.4168],[-109.4909,36.4136],[-109.5071,36.405],[-109.5154,36.4081],[-109.5284,36.4049],[-109.5335,36.4057],[-109.5406,36.4094],[-109.5529,36.4093],[-109.5598,36.4119],[-109.5705,36.4186],[-109.5766,36.4255],[-109.5801,36.4258],[-109.5833,36.4224],[-109.5864,36.4224],[-109.5916,36.4273],[-109.5978,36.431],[-109.599,36.4344],[-109.5958,36.4412],[-109.5979,36.4466],[-109.5975,36.4549],[-109.5914,36.46],[-109.5909,36.4684],[-109.589,36.4707],[-109.5826,36.4728],[-109.5879,36.4767],[-109.5957,36.4798],[-109.5957,36.4821],[-109.5933,36.4847],[-109.5923,36.4915],[-109.5953,36.4925],[-109.5974,36.4967],[-109.6008,36.497],[-109.6019,36.4984],[-109.601,36.5007],[-109.5966,36.5043],[-109.5965,36.5059],[-109.5998,36.5099],[-109.6048,36.5105],[-109.6059,36.5143],[-109.6001,36.5174],[-109.6011,36.5211],[-109.5992,36.5255],[-109.6008,36.5279],[-109.5975,36.5296],[-109.5974,36.5309],[-109.6039,36.5367],[-109.6004,36.5381],[-109.6019,36.543],[-109.5974,36.5451],[-109.5981,36.5468],[-109.5928,36.5486],[-109.5921,36.557],[-109.5871,36.5665],[-109.5876,36.569],[-109.589,36.5694],[-109.5877,36.5712],[-109.5879,36.5748],[-109.5049,36.5949],[-109.503,36.5942],[-109.5017,36.5908],[-109.4925,36.5891],[-109.4861,36.5811],[-109.4833,36.5808],[-109.4778,36.5844],[-109.4575,36.6112],[-109.4319,36.6241],[-109.4291,36.6247],[-109.4284,36.6218],[-109.4263,36.6229],[-109.4248,36.6265],[-109.423,36.6269],[-109.4186,36.6238],[-109.4152,36.6305],[-109.4129,36.6286],[-109.4117,36.6306],[-109.4066,36.6251],[-109.4035,36.6312],[-109.4039,36.6332],[-109.4008,36.6335],[-109.3978,36.6371],[-109.3942,36.633],[-109.3895,36.6355],[-109.3907,36.6385],[-109.3878,36.6405],[-109.3874,36.6461],[-109.3807,36.6405],[-109.3816,36.6352],[-109.3783,36.6299],[-109.3753,36.631],[-109.3739,36.6358],[-109.3729,36.6365],[-109.3704,36.6354],[-109.3689,36.6381],[-109.3618,36.642],[-109.3596,36.6403],[-109.3632,36.6355],[-109.3619,36.6347],[-109.3586,36.6362],[-109.3579,36.6348],[-109.3541,36.636],[-109.3499,36.638],[-109.3506,36.6419],[-109.3482,36.6426],[-109.3483,36.6469],[-109.3461,36.6493],[-109.3473,36.6533],[-109.3455,36.6554],[-109.3448,36.6628],[-109.3393,36.658],[-109.3389,36.6664],[-109.3375,36.6676],[-109.335,36.6671],[-109.3338,36.6625]]]}},{"type":"Feature","properties":{"chapter":"Rough Rock","agency":"Chinle"},"geometry":{"type":"Polygon","coordinates":[[[-109.8619,36.482],[-109.7224,36.4835],[-109.7214,36.4557],[-109.7164,36.453],[-109.6732,36.4463],[-109.6654,36.4415],[-109.668,36.4355],[-109.6722,36.4319],[-109.6908,36.4231],[-109.6997,36.4152],[-109.7035,36.4074],[-109.7052,36.3962],[-109.7047,36.3833],[-109.712,36.382],[-109.7184,36.379],[-109.7188,36.3772],[-109.7175,36.3749],[-109.7139,36.3738],[-109.7098,36.3764],[-109.7029,36.3772],[-109.7,36.3768],[-109.6989,36.3751],[-109.7002,36.3724],[-109.7053,36.3694],[-109.7082,36.3582],[-109.7054,36.3559],[-109.7076,36.3488],[-109.7053,36.346],[-109.693,36.3405],[-109.688,36.3351],[-109.6831,36.3282],[-109.6849,36.3221],[-109.6837,36.3194],[-109.6805,36.3181],[-109.6811,36.3141],[-109.6836,36.3118],[-109.684,36.3098],[-109.6874,36.3077],[-109.6886,36.3048],[-109.688,36.3003],[-109.691,36.3013],[-109.6915,36.2976],[-109.6957,36.2916],[-109.6958,36.2893],[-109.6987,36.2881],[-109.7,36.2838],[-109.7021,36.2827],[-109.7021,36.2794],[-109.7049,36.2748],[-109.713,36.2659],[-109.7168,36.2663],[-109.7277,36.2727],[-109.7314,36.2734],[-109.7498,36.2864],[-109.7549,36.2875],[-109.7626,36.292],[-109.7672,36.2972],[-109.808,36.2984],[-109.8092,36.3029],[-109.8193,36.3154],[-109.8201,36.3205],[-109.827,36.3344],[-109.8264,36.3571],[-109.8295,36.3618],[-109.8316,36.3683],[-109.8311,36.3739],[-109.8356,36.379],[-109.8597,36.3804],[-109.8725,36.3771],[-109.8772,36.3791],[-109.8826,36.3857],[-109.8891,36.388],[-109.9184,36.3882],[-109.9221,36.3893],[-109.9238,36.3921],[-109.931,36.396],[-109.9316,36.4026],[-109.9332,36.4061],[-109.9279,36.4152],[-109.9271,36.4202],[-109.9297,36.4234],[-109.9239,36.4239],[-109.9124,36.4299],[-109.9076,36.4297],[-109.9056,36.4276],[-109.8996,36.427],[-109.8939,36.4291],[-109.8823,36.4373],[-109.8736,36.4676],[-109.8714,36.4697],[-109.8733,36.4715],[-109.8735,36.4756],[-109.8684,36.4799],[-109.8619,36.482]]]}},{"type":"Feature","properties":{"chapter":"Rock Point","agency":"Shiprock"},"geometry":{"type":"Polygon","coordinates":[[[-109.5693,36.8226],[-109.5666,36.8224],[-109.5638,36.8247],[-109.5618,36.8206],[-109.559,36.8187],[-109.5591,36.817],[-109.5553,36.8184],[-109.5558,36.8165],[-109.5516,36.8157],[-109.5484,36.8117],[-109.5444,36.8132],[-109.5415,36.8111],[-109.5416,36.8072],[-109.5356,36.8052],[-109.5346,36.8035],[-109.5357,36.8001],[-109.5338,36.7945],[-109.5358,36.7903],[-109.5362,36.7808],[-109.5336,36.7784],[-109.5306,36.7776],[-109.5296,36.7802],[-109.5203,36.7824],[-109.5199,36.7842],[-109.5214,36.7869],[-109.5207,36.7895],[-109.5092,36.7992],[-109.51,36.7943],[-109.508,36.7922],[-109.5084,36.7906],[-109.5071,36.7878],[-109.5035,36.7873],[-109.5035,36.7858],[-109.5073,36.7826],[-109.507,36.7793],[-109.5035,36.7784],[-109.5025,36.7764],[-109.5032,36.773],[-109.5022,36.77],[-109.496,36.7686],[-109.493,36.7696],[-109.4912,36.7721],[-109.4873,36.7718],[-109.4888,36.7665],[-109.4877,36.7592],[-109.4836,36.7599],[-109.4797,36.7582],[-109.4811,36.7566],[-109.4801,36.7537],[-109.4736,36.7527],[-109.471,36.7496],[-109.4651,36.7492],[-109.4577,36.7536],[-109.4577,36.7566],[-109.4513,36.754],[-109.4478,36.7543],[-109.4441,36.7566],[-109.4364,36.7471],[-109.431,36.7492],[-109.4281,36.7466],[-109.4252,36.7463],[-109.423,36.7489],[-109.4194,36.7488],[-109.4181,36.7499],[-109.4164,36.7379],[-109.4111,36.7368],[-109.411,36.7246],[-109.4121,36.7206],[-109.4106,36.7196],[-109.4079,36.7131],[-109.4034,36.7121],[-109.4021,36.7085],[-109.4003,36.7082],[-109.3958,36.7008],[-109.3928,36.7009],[-109.3888,36.7039],[-109.3898,36.699],[-109.3887,36.6908],[-109.3859,36.69],[-109.3821,36.6911],[-109.3819,36.6863],[-109.3768,36.6816],[-109.3754,36.6809],[-109.3727,36.6823],[-109.3683,36.69],[-109.3682,36.6831],[-109.3698,36.6784],[-109.3689,36.6771],[-109.3663,36.6774],[-109.3639,36.6717],[-109.3647,36.669],[-109.362,36.663],[-109.3664,36.6593],[-109.3666,36.6575],[-109.377,36.6524],[-109.3798,36.6462],[-109.3831,36.6425],[-109.3874,36.6461],[-109.3878,36.6405],[-109.3907,36.6385],[-109.3895,36.6355],[-109.3942,36.633],[-109.3978,36.6371],[-109.4008,36.6335],[-109.4039,36.6332],[-109.4035,36.6312],[-109.4066,36.6251],[-109.4117,36.6306],[-109.4129,36.6286],[-109.4152,36.6305],[-109.4186,36.6238],[-109.423,36.6269],[-109.4248,36.6265],[-109.4263,36.6229],[-109.4284,36.6218],[-109.4291,36.6247],[-109.4319,36.6241],[-109.4575,36.6112],[-109.4778,36.5844],[-109.4833,36.5808],[-109.4861,36.5811],[-109.4925,36.5891],[-109.5017,36.5908],[-109.503,36.5942],[-109.5049,36.5949],[-109.6149,36.5674],[-109.6126,36.5623],[-109.6178,36.5582],[-109.6244,36.5445],[-109.6253,36.5372],[-109.6245,36.535],[-109.6215,36.5332],[-109.6217,36.5311],[-109.6253,36.5281],[-109.6279,36.5224],[-109.6267,36.5179],[-109.6329,36.5123],[-109.6396,36.5098],[-109.6424,36.4966],[-109.6453,36.4929],[-109.6544,36.489],[-109.6576,36.484],[-109.6699,36.4829],[-109.7224,36.4835],[-109.8619,36.482],[-109.8609,36.4837],[-109.8555,36.4845],[-109.8549,36.4874],[-109.8491,36.491],[-109.8497,36.4936],[-109.8454,36.4956],[-109.8424,36.5011],[-109.8385,36.5042],[-109.8297,36.5081],[-109.8009,36.5157],[-109.7929,36.5279],[-109.7921,36.5314],[-109.784,36.5427],[-109.7773,36.5488],[-109.7717,36.5573],[-109.7638,36.5649],[-109.7591,36.5669],[-109.7454,36.5781],[-109.7438,36.582],[-109.7391,36.5879],[-109.7294,36.5932],[-109.7247,36.5989],[-109.7183,36.6016],[-109.7188,36.6026],[-109.717,36.6043],[-109.6928,36.6183],[-109.6836,36.6267],[-109.6741,36.6328],[-109.666,36.6414],[-109.6579,36.6469],[-109.6386,36.6691],[-109.6351,36.6754],[-109.6314,36.6787],[-109.6269,36.6872],[-109.6263,36.6913],[-109.6275,36.6947],[-109.6321,36.695],[-109.6435,36.6913],[-109.6479,36.6967],[-109.6472,36.7024],[-109.6488,36.7041],[-109.6495,36.7079],[-109.6483,36.7097],[-109.6517,36.7144],[-109.6506,36.7253],[-109.6519,36.7247],[-109.6514,36.7269],[-109.653,36.7289],[-109.6592,36.7273],[-109.6576,36.7291],[-109.6586,36.7325],[-109.6568,36.7354],[-109.6574,36.7408],[-109.6578,36.7421],[-109.6632,36.7438],[-109.6637,36.745],[-109.6609,36.7474],[-109.6607,36.7518],[-109.6625,36.7545],[-109.6645,36.7552],[-109.6652,36.7616],[-109.6603,36.761],[-109.659,36.7653],[-109.6645,36.7651],[-109.6649,36.7665],[-109.6619,36.7695],[-109.6662,36.772],[-109.6642,36.7736],[-109.6637,36.778],[-109.6692,36.7806],[-109.6684,36.7831],[-109.6652,36.7826],[-109.6676,36.7858],[-109.6661,36.7869],[-109.6708,36.7887],[-109.6732,36.7869],[-109.6749,36.7876],[-109.6722,36.7927],[-109.6769,36.7921],[-109.6772,36.7939],[-109.6794,36.7947],[-109.6843,36.7939],[-109.6843,36.7961],[-109.688,36.7965],[-109.6893,36.7979],[-109.6918,36.7957],[-109.6927,36.7977],[-109.6913,36.8002],[-109.6924,36.8036],[-109.6827,36.8078],[-109.6781,36.8139],[-109.6609,36.8282],[-109.6543,36.8376],[-109.6231,36.8508],[-109.6167,36.8496],[-109.5764,36.8302],[-109.571,36.8271],[-109.5693,36.8226]]]}},{"type":"Feature","properties":{"chapter":"Dennehotso","agency":"Tuba City"},"geometry":{"type":"Polygon","coordinates":[[[-109.6921,36.8012],[-109.6918,36.7957],[-109.6893,36.7979],[-109.688,36.7965],[-109.6843,36.7961],[-109.6843,36.7939],[-109.6794,36.7947],[-109.6772,36.7939],[-109.6769,36.7921],[-109.6722,36.7927],[-109.6749,36.7876],[-109.6732,36.7869],[-109.6708,36.7887],[-109.6661,36.7869],[-109.6676,36.7858],[-109.6652,36.7826],[-109.6684,36.7831],[-109.6692,36.7806],[-109.6637,36.778],[-109.6642,36.7736],[-109.6662,36.772],[-109.6619,36.7695],[-109.6649,36.7665],[-109.6645,36.7651],[-109.659,36.7653],[-109.6603,36.761],[-109.6652,36.7616],[-109.6645,36.7552],[-109.6625,36.7545],[-109.6607,36.7518],[-109.6609,36.7474],[-109.6637,36.745],[-109.6632,36.7438],[-109.6578,36.7421],[-109.6574,36.7408],[-109.6568,36.7354],[-109.6586,36.7325],[-109.6576,36.7291],[-109.6592,36.7273],[-109.653,36.7289],[-109.6514,36.7269],[-109.6519,36.7247],[-109.6506,36.7253],[-109.6517,36.7144],[-109.6483,36.7097],[-109.6495,36.7079],[-109.6488,36.7041],[-109.6472,36.7024],[-109.6483,36.698],[-109.6474,36.6956],[-109.6435,36.6913],[-109.6321,36.695],[-109.6275,36.6947],[-109.6262,36.6898],[-109.6314,36.6787],[-109.6579,36.6469],[-109.666,36.6414],[-109.6741,36.6328],[-109.6836,36.6267],[-109.6928,36.6183],[-109.717,36.6043],[-109.7188,36.6026],[-109.7183,36.6016],[-109.7247,36.5989],[-109.7294,36.5932],[-109.7391,36.5879],[-109.7438,36.582],[-109.8169,36.5831],[-109.8996,36.5511],[-109.938,36.6452],[-110.0547,36.6698],[-110.078,36.8042],[-110.0587,36.8171],[-110.0552,36.8174],[-110.0537,36.8203],[-110.0437,36.8276],[-110.0424,36.8299],[-110.0394,36.8303],[-110.0271,36.8396],[-110.0006,36.8511],[-110.0007,36.8798],[-109.9868,36.8954],[-109.9681,36.909],[-109.9631,36.9166],[-109.9524,36.92],[-109.9481,36.9253],[-109.9436,36.9283],[-109.9422,36.9328],[-109.9434,36.9371],[-109.942,36.9418],[-109.9434,36.9468],[-109.9427,36.9534],[-109.9468,36.9578],[-109.9471,36.9623],[-109.9485,36.9643],[-109.948,36.9701],[-109.9492,36.972],[-109.9476,36.9749],[-109.9482,36.9806],[-109.942,36.9905],[-109.939,36.9903],[-109.9407,36.9927],[-109.9338,36.9983],[-109.9355,37.001],[-109.9343,37.0065],[-109.9314,37.0074],[-109.9294,37.0109],[-109.9225,37.013],[-109.917,37.0185],[-109.9133,37.0203],[-109.9127,37.0225],[-109.9103,37.0223],[-109.9092,37.0229],[-109.9094,37.0247],[-109.9055,37.0256],[-109.9047,37.029],[-109.8991,37.0323],[-109.8913,37.0353],[-109.8884,37.0385],[-109.8857,37.039],[-109.8842,37.0377],[-109.877,37.0415],[-109.8729,37.0463],[-109.8661,37.0469],[-109.8672,37.0523],[-109.87,37.0564],[-109.8696,37.0639],[-109.8709,37.065],[-109.8668,37.0688],[-109.861,37.0701],[-109.863,37.0737],[-109.8623,37.0771],[-109.8659,37.0791],[-109.8586,37.0871],[-109.8594,37.0902],[-109.8573,37.0916],[-109.8614,37.0987],[-109.8565,37.1014],[-109.8584,37.1029],[-109.8575,37.1043],[-109.8522,37.1038],[-109.8535,37.1094],[-109.8506,37.1092],[-109.8485,37.1106],[-109.8518,37.1136],[-109.8513,37.1158],[-109.8537,37.1193],[-109.8531,37.1211],[-109.8565,37.1195],[-109.8611,37.1209],[-109.8599,37.1228],[-109.8611,37.1274],[-109.8594,37.1277],[-109.8619,37.1312],[-109.8602,37.1325],[-109.8627,37.1337],[-109.8616,37.1366],[-109.8643,37.138],[-109.8604,37.1414],[-109.86,37.1448],[-109.857,37.1446],[-109.8539,37.1465],[-109.8474,37.1572],[-109.8294,37.1661],[-109.8301,37.1681],[-109.8352,37.17],[-109.8404,37.1751],[-109.8459,37.1771],[-109.8532,37.1827],[-109.8544,37.1877],[-109.8518,37.1949],[-109.8473,37.1944],[-109.8443,37.187],[-109.8338,37.18],[-109.8159,37.1796],[-109.8114,37.1838],[-109.8104,37.187],[-109.8062,37.1904],[-109.8031,37.191],[-109.7866,37.1891],[-109.785,37.1863],[-109.7851,37.1839],[-109.7799,37.1854],[-109.7759,37.1823],[-109.77,37.1814],[-109.7663,37.182],[-109.7643,37.1855],[-109.7709,37.1887],[-109.769,37.1953],[-109.7652,37.1986],[-109.7635,37.2025],[-109.7556,37.2028],[-109.7524,37.2042],[-109.7512,37.2066],[-109.7511,37.2123],[-109.7478,37.2156],[-109.7425,37.2105],[-109.7386,37.2035],[-109.7386,37.2012],[-109.7425,37.1989],[-109.743,37.1968],[-109.7417,37.1955],[-109.7393,37.1957],[-109.7356,37.1991],[-109.7339,37.1988],[-109.7335,37.1937],[-109.731,37.1915],[-109.7252,37.1916],[-109.7172,37.1955],[-109.7139,37.199],[-109.7082,37.1998],[-109.7069,37.2013],[-109.7006,37.203],[-109.6943,37.207],[-109.6834,37.2043],[-109.6818,37.2024],[-109.6819,37.1957],[-109.6879,37.184],[-109.6978,37.1755],[-109.7023,37.1685],[-109.7016,37.1637],[-109.707,37.16],[-109.7069,37.157],[-109.7018,37.1504],[-109.7088,37.1403],[-109.7074,37.1351],[-109.7099,37.1326],[-109.7067,37.1294],[-109.7083,37.1263],[-109.7073,37.1243],[-109.7009,37.1277],[-109.6988,37.1274],[-109.6968,37.1197],[-109.6921,37.1194],[-109.6913,37.1212],[-109.6921,37.1316],[-109.6896,37.1327],[-109.6861,37.1313],[-109.6866,37.1291],[-109.6855,37.1265],[-109.6834,37.1253],[-109.6835,37.1217],[-109.6821,37.1209],[-109.6764,37.1218],[-109.6766,37.1193],[-109.6866,37.1104],[-109.6818,37.1092],[-109.6829,37.1039],[-109.6809,37.1022],[-109.6811,37.1009],[-109.6847,37.1003],[-109.696,37.102],[-109.708,37.1004],[-109.7165,37.0958],[-109.7205,37.0897],[-109.7245,37.0872],[-109.7258,37.0816],[-109.7183,37.0808],[-109.7229,37.0784],[-109.7207,37.0748],[-109.722,37.0746],[-109.7223,37.0677],[-109.7183,37.0635],[-109.7117,37.0616],[-109.7103,37.06],[-109.718,37.0565],[-109.7202,37.0573],[-109.722,37.0562],[-109.7224,37.054],[-109.7193,37.0527],[-109.7122,37.0538],[-109.7112,37.0528],[-109.7114,37.0511],[-109.7214,37.0459],[-109.7193,37.0431],[-109.7172,37.043],[-109.7136,37.0475],[-109.7108,37.0469],[-109.7122,37.0444],[-109.7098,37.0404],[-109.7046,37.0417],[-109.7032,37.0399],[-109.7046,37.0327],[-109.7094,37.0286],[-109.7099,37.0262],[-109.707,37.0181],[-109.7091,37.0038],[-109.7035,37.0024],[-109.7011,37.0037],[-109.6995,36.9983],[-109.702,36.9959],[-109.7011,36.993],[-109.6998,36.9913],[-109.6946,36.9913],[-109.6889,36.9881],[-109.693,36.984],[-109.6931,36.98],[-109.6879,36.9789],[-109.6852,36.9749],[-109.6869,36.9733],[-109.6889,36.9666],[-109.6912,36.9657],[-109.6939,36.9669],[-109.6951,36.9646],[-109.6944,36.9582],[-109.6966,36.9557],[-109.7096,36.9452],[-109.7128,36.9413],[-109.7205,36.9405],[-109.7216,36.9374],[-109.7245,36.9384],[-109.7256,36.936],[-109.7276,36.9354],[-109.7258,36.9331],[-109.7272,36.9302],[-109.7294,36.9299],[-109.7296,36.9317],[-109.7357,36.9285],[-109.7343,36.9275],[-109.7317,36.9204],[-109.7339,36.9201],[-109.7309,36.9178],[-109.7308,36.9168],[-109.7322,36.9167],[-109.7311,36.9139],[-109.7334,36.9149],[-109.7341,36.9136],[-109.7339,36.9109],[-109.732,36.9099],[-109.7327,36.909],[-109.7379,36.9072],[-109.7375,36.902],[-109.7362,36.9005],[-109.7419,36.8979],[-109.7433,36.8936],[-109.7368,36.8921],[-109.7326,36.894],[-109.7315,36.892],[-109.7353,36.8847],[-109.7297,36.8839],[-109.7309,36.8792],[-109.733,36.8779],[-109.7316,36.8761],[-109.7357,36.8755],[-109.732,36.8735],[-109.73,36.8687],[-109.7321,36.8648],[-109.7363,36.8651],[-109.7371,36.864],[-109.7355,36.8628],[-109.7382,36.8599],[-109.734,36.8583],[-109.7364,36.8576],[-109.7341,36.8528],[-109.7328,36.8529],[-109.7345,36.8488],[-109.7329,36.8472],[-109.7347,36.8463],[-109.7339,36.8436],[-109.729,36.8402],[-109.7265,36.8355],[-109.7249,36.8343],[-109.7231,36.8357],[-109.7188,36.8302],[-109.7155,36.8292],[-109.7113,36.8243],[-109.7101,36.8224],[-109.7106,36.8129],[-109.7082,36.808],[-109.7018,36.807],[-109.7001,36.8051],[-109.7025,36.8026],[-109.7001,36.8005],[-109.6955,36.799],[-109.6921,36.8012]]]}},{"type":"Feature","properties":{"chapter":"Chilchinbeto","agency":"Tuba City"},"geometry":{"type":"Polygon","coordinates":[[[-109.9239,36.4239],[-109.9431,36.4209],[-109.9506,36.4211],[-109.9532,36.4228],[-109.9571,36.4303],[-109.9641,36.4387],[-109.9647,36.4424],[-109.9687,36.4433],[-109.9749,36.4478],[-109.9771,36.4523],[-109.9801,36.4542],[-109.9897,36.4536],[-109.9928,36.4554],[-109.9985,36.4539],[-110.0004,36.4557],[-110.0067,36.4552],[-110.0084,36.4562],[-110.01,36.4611],[-110.0074,36.4649],[-110.0105,36.468],[-110.0144,36.4683],[-110.0157,36.4703],[-110.0188,36.4706],[-110.02,36.4725],[-110.0278,36.4752],[-110.0294,36.4784],[-110.0368,36.4812],[-110.039,36.4798],[-110.0373,36.4667],[-110.038,36.4619],[-110.0437,36.4613],[-110.0472,36.457],[-110.0504,36.4598],[-110.0498,36.4631],[-110.0595,36.4648],[-110.059,36.4615],[-110.0555,36.4569],[-110.0619,36.4538],[-110.0702,36.4537],[-110.0832,36.4644],[-110.0834,36.469],[-110.081,36.4735],[-110.084,36.4751],[-110.1066,36.472],[-110.1205,36.4686],[-110.1332,36.4719],[-110.1514,36.4852],[-110.1601,36.485],[-110.1701,36.4895],[-110.1735,36.4932],[-110.1738,36.4983],[-110.1803,36.5008],[-110.1858,36.5097],[-110.1859,36.5127],[-110.184,36.5174],[-110.1966,36.514],[-110.1992,36.528],[-110.2102,36.5313],[-110.2053,36.5341],[-110.2052,36.5358],[-110.209,36.5396],[-110.2058,36.5402],[-110.2038,36.5423],[-110.203,36.5401],[-110.2013,36.5397],[-110.2004,36.5453],[-110.1955,36.5469],[-110.1967,36.5585],[-110.1984,36.561],[-110.1948,36.5608],[-110.1935,36.5583],[-110.1884,36.5585],[-110.1848,36.5523],[-110.1792,36.554],[-110.1761,36.5532],[-110.1749,36.551],[-110.177,36.5592],[-110.1765,36.5616],[-110.1642,36.5703],[-110.164,36.5738],[-110.167,36.5806],[-110.1662,36.595],[-110.1682,36.6026],[-110.1725,36.61],[-110.17,36.6146],[-110.169,36.6219],[-110.1658,36.6264],[-110.1651,36.6309],[-110.1612,36.6387],[-110.1541,36.6454],[-110.1477,36.6639],[-110.1419,36.6726],[-110.1359,36.6775],[-110.1338,36.6812],[-110.135,36.6948],[-110.1282,36.7066],[-110.124,36.7171],[-110.1233,36.7268],[-110.1044,36.7302],[-110.0684,36.7473],[-110.0547,36.6698],[-109.938,36.6452],[-109.8996,36.5511],[-109.8169,36.5831],[-109.7438,36.582],[-109.7454,36.5781],[-109.75,36.5738],[-109.7591,36.5669],[-109.7638,36.5649],[-109.774,36.5547],[-109.7773,36.5488],[-109.784,36.5427],[-109.7921,36.5314],[-109.7929,36.5279],[-109.8009,36.5157],[-109.8297,36.5081],[-109.8385,36.5042],[-109.8424,36.5011],[-109.8454,36.4956],[-109.8497,36.4936],[-109.8491,36.491],[-109.8549,36.4874],[-109.8555,36.4845],[-109.8609,36.4837],[-109.8619,36.482],[-109.8684,36.4799],[-109.8727,36.4766],[-109.8739,36.4741],[-109.8733,36.4715],[-109.8714,36.4697],[-109.8736,36.4676],[-109.8823,36.4373],[-109.8939,36.4291],[-109.8996,36.427],[-109.9056,36.4276],[-109.9076,36.4297],[-109.9124,36.4299],[-109.9239,36.4239]]]}},{"type":"Feature","properties":{"chapter":"Oljato","agency":"Tuba City"},"geometry":{"type":"Polygon","coordinates":[[[-109.86,37.1448],[-109.8604,37.1414],[-109.8643,37.138],[-109.8616,37.1366],[-109.8627,37.1337],[-109.8602,37.1325],[-109.8619,37.1312],[-109.8594,37.1277],[-109.8611,37.1274],[-109.8599,37.1228],[-109.8611,37.1209],[-109.8565,37.1195],[-109.8531,37.1211],[-109.8537,37.1193],[-109.8513,37.1158],[-109.8518,37.1136],[-109.8485,37.1106],[-109.8506,37.1092],[-109.8535,37.1094],[-109.8522,37.1038],[-109.8575,37.1043],[-109.8584,37.1029],[-109.8565,37.1014],[-109.8614,37.0987],[-109.8573,37.0916],[-109.8594,37.0902],[-109.8586,37.0871],[-109.8659,37.0791],[-109.8623,37.0771],[-109.863,37.0737],[-109.861,37.0701],[-109.8668,37.0688],[-109.8709,37.065],[-109.8696,37.0639],[-109.87,37.0564],[-109.8672,37.0523],[-109.8661,37.0469],[-109.8729,37.0463],[-109.877,37.0415],[-109.8842,37.0377],[-109.8857,37.039],[-109.8884,37.0385],[-109.8913,37.0353],[-109.8991,37.0323],[-109.9047,37.029],[-109.9055,37.0256],[-109.9094,37.0247],[-109.9092,37.0229],[-109.9103,37.0223],[-109.9127,37.0225],[-109.9133,37.0203],[-109.917,37.0185],[-109.9225,37.013],[-109.9294,37.0109],[-109.9314,37.0074],[-109.9343,37.0065],[-109.9355,37.001],[-109.9338,36.9983],[-109.9407,36.9927],[-109.939,36.9903],[-109.942,36.9905],[-109.9482,36.9806],[-109.9476,36.9749],[-109.9492,36.972],[-109.948,36.9701],[-109.9485,36.9643],[-109.9471,36.9623],[-109.9468,36.9578],[-109.9427,36.9534],[-109.9434,36.9468],[-109.942,36.9418],[-109.9434,36.9371],[-109.9422,36.9328],[-109.9436,36.9283],[-109.9481,36.9253],[-109.9524,36.92],[-109.9631,36.9166],[-109.9681,36.909],[-109.9868,36.8954],[-110.0007,36.8798],[-110.0038,36.8818],[-110.0129,36.8805],[-110.0176,36.8808],[-110.0192,36.8825],[-110.0265,36.8814],[-110.0304,36.883],[-110.0353,36.8898],[-110.0358,36.8951],[-110.0384,36.8966],[-110.0387,36.9006],[-110.04,36.9011],[-110.0415,36.899],[-110.0451,36.8993],[-110.049,36.8963],[-110.0511,36.8966],[-110.0525,36.899],[-110.0604,36.8976],[-110.0622,36.8984],[-110.0707,36.896],[-110.0729,36.8973],[-110.0756,36.8931],[-110.0852,36.8943],[-110.0928,36.8879],[-110.096,36.8892],[-110.1054,36.888],[-110.1095,36.8845],[-110.1131,36.8865],[-110.118,36.8858],[-110.1193,36.8837],[-110.1184,36.8799],[-110.1226,36.8794],[-110.1236,36.877],[-110.1262,36.8765],[-110.1297,36.8703],[-110.1347,36.8689],[-110.1377,36.8644],[-110.1461,36.8642],[-110.1574,36.8605],[-110.1728,36.8587],[-110.1878,36.8589],[-110.1912,36.8571],[-110.1903,36.8558],[-110.1922,36.8551],[-110.1965,36.8456],[-110.1986,36.846],[-110.1983,36.8529],[-110.1961,36.8567],[-110.2034,36.8656],[-110.2035,36.8676],[-110.2016,36.8693],[-110.2068,36.8731],[-110.2132,36.872],[-110.2143,36.8707],[-110.2244,36.8717],[-110.2278,36.8691],[-110.2324,36.8695],[-110.2368,36.8717],[-110.2383,36.8706],[-110.2341,36.8641],[-110.2358,36.8623],[-110.2328,36.8595],[-110.2307,36.8592],[-110.2321,36.8575],[-110.2345,36.8585],[-110.2363,36.8571],[-110.2361,36.8536],[-110.238,36.8523],[-110.2417,36.86],[-110.2414,36.8615],[-110.2433,36.8627],[-110.2445,36.8659],[-110.2498,36.8592],[-110.2537,36.8581],[-110.2574,36.859],[-110.2575,36.8625],[-110.2534,36.8637],[-110.2538,36.8655],[-110.2517,36.8697],[-110.2541,36.8744],[-110.2569,36.875],[-110.2679,36.8577],[-110.2948,36.8601],[-110.2991,36.8594],[-110.3013,36.8564],[-110.3004,36.8543],[-110.3017,36.8514],[-110.3081,36.847],[-110.3071,36.8506],[-110.3112,36.8528],[-110.3141,36.8528],[-110.3154,36.8546],[-110.3209,36.855],[-110.3224,36.8569],[-110.3218,36.8595],[-110.3307,36.8645],[-110.3311,36.8607],[-110.3344,36.8563],[-110.3326,36.8531],[-110.3299,36.8525],[-110.3294,36.8505],[-110.3244,36.8491],[-110.3242,36.8469],[-110.3208,36.8438],[-110.3247,36.8393],[-110.3288,36.8382],[-110.3317,36.8409],[-110.3367,36.8398],[-110.3369,36.843],[-110.3408,36.8447],[-110.3429,36.8479],[-110.3446,36.8455],[-110.3414,36.84],[-110.3418,36.8364],[-110.3446,36.8367],[-110.3478,36.8391],[-110.3509,36.835],[-110.3511,36.8332],[-110.3477,36.8325],[-110.3477,36.831],[-110.3526,36.8265],[-110.353,36.8243],[-110.3507,36.8214],[-110.3527,36.8197],[-110.3489,36.8182],[-110.3502,36.8152],[-110.3545,36.8169],[-110.3583,36.8146],[-110.3624,36.8154],[-110.3629,36.8178],[-110.3601,36.8187],[-110.3581,36.8224],[-110.3584,36.8261],[-110.36,36.8272],[-110.3629,36.8258],[-110.3641,36.8278],[-110.3714,36.8229],[-110.3762,36.8244],[-110.3727,36.8325],[-110.3679,36.8316],[-110.3619,36.834],[-110.3587,36.8321],[-110.3594,36.8386],[-110.3563,36.8422],[-110.3577,36.8474],[-110.3625,36.846],[-110.362,36.8495],[-110.3685,36.8455],[-110.3701,36.8476],[-110.3672,36.8522],[-110.3682,36.8553],[-110.3705,36.8559],[-110.377,36.8526],[-110.3783,36.848],[-110.3817,36.8499],[-110.3933,36.841],[-110.3973,36.8394],[-110.3978,36.8367],[-110.3948,36.8338],[-110.3949,36.8288],[-110.3927,36.828],[-110.3895,36.8236],[-110.3938,36.821],[-110.3944,36.8177],[-110.4003,36.8186],[-110.4043,36.8163],[-110.4077,36.8129],[-110.4083,36.8096],[-110.4125,36.806],[-110.4173,36.8041],[-110.4231,36.8044],[-110.4301,36.8019],[-110.4382,36.801],[-110.4403,36.807],[-110.4439,36.8067],[-110.4437,36.8102],[-110.4475,36.8089],[-110.4521,36.8095],[-110.4537,36.813],[-110.4517,36.8181],[-110.4501,36.8197],[-110.4476,36.8193],[-110.4476,36.8223],[-110.4423,36.825],[-110.4421,36.8273],[-110.45,36.832],[-110.4516,36.8349],[-110.4557,36.8379],[-110.4579,36.8383],[-110.4606,36.8357],[-110.4629,36.8364],[-110.4668,36.8419],[-110.4652,36.8472],[-110.4617,36.8488],[-110.4619,36.8536],[-110.4577,36.8549],[-110.4543,36.8598],[-110.4546,36.8653],[-110.4503,36.8631],[-110.4465,36.8658],[-110.4456,36.8704],[-110.4427,36.8733],[-110.442,36.8765],[-110.4428,36.8785],[-110.4325,36.8841],[-110.4314,36.8898],[-110.4326,36.8976],[-110.4287,36.9095],[-110.4289,36.913],[-110.433,36.9166],[-110.4431,36.9194],[-110.4531,36.9248],[-110.4568,36.9253],[-110.4541,36.9266],[-110.4542,36.9301],[-110.4517,36.9345],[-110.453,36.9408],[-110.4551,36.9441],[-110.4545,36.9487],[-110.4608,36.9572],[-110.4637,36.958],[-110.4655,36.9606],[-110.4716,36.9612],[-110.4745,36.9637],[-110.4745,36.9689],[-110.4722,36.97],[-110.4701,36.9734],[-110.4676,36.9735],[-110.4644,36.9762],[-110.4647,36.9806],[-110.4667,36.9818],[-110.4647,36.984],[-110.4681,36.9877],[-110.472,36.9971],[-110.4737,36.999],[-110.4812,37.0011],[-110.4804,37.0051],[-110.4784,37.0071],[-110.4787,37.0087],[-110.4819,37.0087],[-110.4836,37.0187],[-110.4802,37.0201],[-110.4802,37.0226],[-110.4811,37.027],[-110.4841,37.0301],[-110.4791,37.0354],[-110.4778,37.0415],[-110.4911,37.0433],[-110.4934,37.0455],[-110.4898,37.0496],[-110.4869,37.056],[-110.4778,37.056],[-110.4767,37.064],[-110.5011,37.0677],[-110.496,37.0729],[-110.505,37.0777],[-110.5051,37.0936],[-110.5108,37.0969],[-110.5111,37.0998],[-110.5086,37.1031],[-110.5081,37.1097],[-110.5135,37.1235],[-110.5169,37.148],[-110.5226,37.1638],[-110.5247,37.1822],[-110.5275,37.1883],[-110.5283,37.1936],[-110.5411,37.2041],[-110.5466,37.2184],[-110.5395,37.2179],[-110.5342,37.2216],[-110.5291,37.2224],[-110.5185,37.2382],[-110.5173,37.2488],[-110.5134,37.2522],[-110.5058,37.2558],[-110.4893,37.2597],[-110.4769,37.2549],[-110.4632,37.2644],[-110.4609,37.2649],[-110.4567,37.2643],[-110.4495,37.258],[-110.4329,37.2616],[-110.42,37.2719],[-110.4156,37.278],[-110.416,37.2825],[-110.4127,37.2912],[-110.4105,37.2933],[-110.4047,37.2944],[-110.3897,37.2895],[-110.3517,37.2834],[-110.3489,37.2847],[-110.3504,37.2903],[-110.3441,37.2931],[-110.3405,37.2965],[-110.3186,37.3019],[-110.3132,37.3058],[-110.3092,37.3013],[-110.3058,37.2941],[-110.2994,37.2911],[-110.2936,37.2852],[-110.2872,37.285],[-110.2788,37.2869],[-110.2611,37.2974],[-110.2506,37.297],[-110.2344,37.2938],[-110.2198,37.3031],[-110.2127,37.3138],[-110.2069,37.3184],[-110.2038,37.3194],[-110.196,37.3201],[-110.1657,37.3172],[-110.1536,37.3206],[-110.1495,37.3198],[-110.1486,37.3161],[-110.1546,37.3073],[-110.155,37.3042],[-110.1485,37.3013],[-110.1338,37.298],[-110.1285,37.2947],[-110.1144,37.2896],[-110.1086,37.2802],[-110.1005,37.2728],[-110.0925,37.2571],[-110.09,37.2563],[-110.0831,37.2573],[-110.077,37.2534],[-110.075,37.2491],[-110.0763,37.2445],[-110.0737,37.2411],[-110.0714,37.2398],[-110.0648,37.2393],[-110.0515,37.2462],[-110.0464,37.2464],[-110.0392,37.2397],[-110.0451,37.2351],[-110.0376,37.2259],[-110.0358,37.2188],[-110.0285,37.2157],[-110.0259,37.2162],[-110.0245,37.2178],[-110.0236,37.223],[-110.0212,37.226],[-110.0149,37.2288],[-110.0118,37.2286],[-110.011,37.2213],[-110.0016,37.2171],[-109.999,37.2138],[-110.0076,37.2064],[-110.0068,37.2026],[-110.0042,37.2009],[-109.9989,37.2007],[-109.995,37.2031],[-109.991,37.2131],[-109.9848,37.2145],[-109.9817,37.2131],[-109.98,37.2105],[-109.9804,37.2087],[-109.9862,37.203],[-109.9847,37.1978],[-109.9814,37.1963],[-109.9733,37.2002],[-109.9705,37.2002],[-109.9589,37.1919],[-109.9588,37.1893],[-109.9645,37.1836],[-109.9583,37.1805],[-109.9593,37.1765],[-109.9539,37.1698],[-109.9485,37.1667],[-109.9421,37.1733],[-109.932,37.1743],[-109.9315,37.171],[-109.9362,37.1681],[-109.9405,37.1673],[-109.9445,37.1618],[-109.9446,37.1585],[-109.9418,37.1555],[-109.9355,37.1542],[-109.9337,37.1551],[-109.9303,37.1668],[-109.927,37.1709],[-109.924,37.1691],[-109.9244,37.1657],[-109.9261,37.1638],[-109.9256,37.1624],[-109.9175,37.1607],[-109.9145,37.1668],[-109.914,37.1779],[-109.9113,37.1805],[-109.9082,37.1805],[-109.9065,37.1747],[-109.9041,37.1728],[-109.9,37.1752],[-109.8949,37.1823],[-109.8891,37.1829],[-109.8878,37.1821],[-109.8879,37.1803],[-109.8942,37.1793],[-109.8953,37.1775],[-109.8905,37.1688],[-109.886,37.1665],[-109.8858,37.1647],[-109.892,37.1593],[-109.8974,37.1581],[-109.8986,37.1537],[-109.8969,37.1532],[-109.8921,37.1578],[-109.8893,37.1579],[-109.8851,37.1559],[-109.8849,37.1495],[-109.8818,37.1483],[-109.8772,37.1548],[-109.8748,37.1548],[-109.8669,37.1507],[-109.8641,37.1467],[-109.86,37.1448]]]}},{"type":"Feature","properties":{"chapter":"Sweet Water","agency":"Shiprock"},"geometry":{"type":"Polygon","coordinates":[[[-109.2911,36.9076],[-109.2847,36.8832],[-109.2808,36.874],[-109.277,36.8716],[-109.2697,36.8712],[-109.2621,36.8675],[-109.2535,36.8607],[-109.2507,36.857],[-109.2441,36.8536],[-109.2409,36.8482],[-109.2346,36.8456],[-109.2306,36.8371],[-109.2308,36.8327],[-109.2281,36.8305],[-109.2219,36.829],[-109.2165,36.8317],[-109.2141,36.8315],[-109.212,36.8253],[-109.2044,36.8216],[-109.2038,36.8184],[-109.1987,36.8144],[-109.1992,36.8108],[-109.1962,36.804],[-109.198,36.8011],[-109.1903,36.7982],[-109.1843,36.7942],[-109.1763,36.7929],[-109.1842,36.7837],[-109.186,36.7793],[-109.1855,36.776],[-109.1878,36.7732],[-109.1931,36.7717],[-109.1984,36.7725],[-109.202,36.7756],[-109.2078,36.7734],[-109.2071,36.7664],[-109.2079,36.765],[-109.2042,36.7625],[-109.2062,36.7611],[-109.2094,36.7496],[-109.213,36.746],[-109.2237,36.7418],[-109.2254,36.735],[-109.236,36.73],[-109.2409,36.7247],[-109.2477,36.7293],[-109.2569,36.7257],[-109.2601,36.7203],[-109.2592,36.7162],[-109.2604,36.7144],[-109.257,36.7125],[-109.2575,36.7105],[-109.255,36.7077],[-109.2544,36.7048],[-109.2479,36.7047],[-109.2482,36.7026],[-109.2461,36.7002],[-109.2466,36.6971],[-109.2452,36.6967],[-109.2454,36.6933],[-109.2557,36.6829],[-109.2562,36.6806],[-109.2537,36.6766],[-109.2571,36.6712],[-109.2627,36.6723],[-109.2652,36.6707],[-109.269,36.6709],[-109.2849,36.6736],[-109.2801,36.6678],[-109.2809,36.6665],[-109.2892,36.6687],[-109.2914,36.6651],[-109.2899,36.6593],[-109.2793,36.6575],[-109.2816,36.6493],[-109.2775,36.6477],[-109.2732,36.6421],[-109.2742,36.636],[-109.2725,36.6345],[-109.2726,36.6309],[-109.2751,36.6274],[-109.2836,36.623],[-109.287,36.624],[-109.2892,36.6268],[-109.2942,36.6288],[-109.2942,36.6297],[-109.2883,36.6285],[-109.2844,36.6292],[-109.2842,36.6307],[-109.2907,36.6319],[-109.2915,36.6346],[-109.2952,36.6334],[-109.2947,36.6347],[-109.296,36.6362],[-109.2995,36.6349],[-109.3045,36.638],[-109.3022,36.6394],[-109.3016,36.6431],[-109.3036,36.6435],[-109.3049,36.641],[-109.3075,36.6406],[-109.3089,36.6422],[-109.314,36.6411],[-109.3154,36.6425],[-109.3152,36.6436],[-109.3107,36.6452],[-109.3119,36.6475],[-109.308,36.6482],[-109.3053,36.6502],[-109.3062,36.6525],[-109.3106,36.6514],[-109.311,36.6549],[-109.3145,36.652],[-109.3166,36.648],[-109.3182,36.6482],[-109.3186,36.6512],[-109.3218,36.6499],[-109.3241,36.6467],[-109.3266,36.6469],[-109.323,36.6582],[-109.3243,36.6599],[-109.3272,36.6574],[-109.3283,36.6517],[-109.3324,36.6472],[-109.3307,36.6427],[-109.3328,36.6412],[-109.3382,36.6441],[-109.3366,36.6502],[-109.3344,36.6524],[-109.3376,36.6567],[-109.3338,36.6625],[-109.335,36.6671],[-109.3375,36.6676],[-109.3389,36.6664],[-109.3393,36.658],[-109.3448,36.6628],[-109.3455,36.6554],[-109.3473,36.6533],[-109.3461,36.6493],[-109.3483,36.6469],[-109.3486,36.6416],[-109.3506,36.6419],[-109.3499,36.638],[-109.3579,36.6348],[-109.3598,36.6362],[-109.3619,36.6347],[-109.3633,36.6364],[-109.3596,36.6403],[-109.3618,36.642],[-109.3689,36.6381],[-109.3704,36.6354],[-109.3729,36.6365],[-109.3739,36.6358],[-109.3753,36.631],[-109.3783,36.6299],[-109.3816,36.6352],[-109.3807,36.6405],[-109.3831,36.6425],[-109.3798,36.6462],[-109.377,36.6524],[-109.3666,36.6575],[-109.3664,36.6593],[-109.362,36.663],[-109.3647,36.669],[-109.3639,36.6717],[-109.3663,36.6774],[-109.3689,36.6771],[-109.3698,36.6784],[-109.3682,36.6831],[-109.3683,36.69],[-109.3727,36.6823],[-109.3754,36.6809],[-109.3768,36.6816],[-109.3819,36.6863],[-109.3821,36.6911],[-109.3859,36.69],[-109.3887,36.6908],[-109.3898,36.699],[-109.3888,36.7039],[-109.3928,36.7009],[-109.3958,36.7008],[-109.4003,36.7082],[-109.4021,36.7085],[-109.4034,36.7121],[-109.4079,36.7131],[-109.4106,36.7196],[-109.4121,36.7206],[-109.411,36.7246],[-109.4111,36.7368],[-109.4164,36.7379],[-109.4181,36.7499],[-109.4194,36.7488],[-109.423,36.7489],[-109.4252,36.7463],[-109.4281,36.7466],[-109.431,36.7492],[-109.4364,36.7471],[-109.4441,36.7566],[-109.4478,36.7543],[-109.4513,36.754],[-109.4577,36.7566],[-109.4577,36.7536],[-109.4651,36.7492],[-109.471,36.7496],[-109.4736,36.7527],[-109.4801,36.7537],[-109.4811,36.7566],[-109.4797,36.7582],[-109.4836,36.7599],[-109.4877,36.7592],[-109.4888,36.7665],[-109.4873,36.7718],[-109.4912,36.7721],[-109.493,36.7696],[-109.496,36.7686],[-109.5022,36.77],[-109.5032,36.773],[-109.5025,36.7764],[-109.5035,36.7784],[-109.507,36.7793],[-109.5073,36.7826],[-109.5035,36.7858],[-109.5035,36.7873],[-109.5071,36.7878],[-109.5084,36.7906],[-109.508,36.7922],[-109.51,36.7943],[-109.5092,36.7992],[-109.5207,36.7895],[-109.5214,36.7869],[-109.5199,36.7842],[-109.5203,36.7824],[-109.5296,36.7802],[-109.5306,36.7776],[-109.5336,36.7784],[-109.5362,36.7808],[-109.5358,36.7903],[-109.5338,36.7945],[-109.5357,36.8001],[-109.5346,36.8035],[-109.5356,36.8052],[-109.5416,36.8072],[-109.5415,36.8111],[-109.5444,36.8132],[-109.5496,36.8122],[-109.5516,36.8157],[-109.5558,36.8165],[-109.5553,36.8184],[-109.5591,36.817],[-109.559,36.8187],[-109.5618,36.8206],[-109.5638,36.8247],[-109.5666,36.8224],[-109.5693,36.8226],[-109.571,36.8271],[-109.5764,36.8302],[-109.6167,36.8496],[-109.6231,36.8508],[-109.6093,36.8537],[-109.5614,36.8532],[-109.5371,36.8616],[-109.5334,36.8608],[-109.5308,36.8581],[-109.5244,36.8596],[-109.5192,36.8573],[-109.5076,36.8592],[-109.5057,36.8578],[-109.5011,36.8596],[-109.5009,36.8582],[-109.4964,36.8559],[-109.4941,36.8566],[-109.495,36.8552],[-109.4942,36.8548],[-109.4877,36.8537],[-109.4849,36.8509],[-109.4845,36.8482],[-109.4778,36.8521],[-109.4677,36.8676],[-109.4638,36.8776],[-109.4647,36.8797],[-109.467,36.8801],[-109.4737,36.8789],[-109.4673,36.8838],[-109.4641,36.8879],[-109.465,36.8908],[-109.4675,36.8905],[-109.4635,36.8975],[-109.4545,36.9088],[-109.4493,36.912],[-109.4455,36.9219],[-109.4018,36.9992],[-109.3509,36.9993],[-109.3495,36.9984],[-109.349,36.9952],[-109.347,36.994],[-109.3481,36.9923],[-109.3457,36.9913],[-109.3459,36.9884],[-109.343,36.9868],[-109.3222,36.9475],[-109.3124,36.9341],[-109.2991,36.9201],[-109.2979,36.916],[-109.2911,36.9076]]]}},{"type":"Feature","properties":{"chapter":"Mexican Water","agency":"Shiprock"},"geometry":{"type":"Polygon","coordinates":[[[-109.4545,36.9088],[-109.467,36.8919],[-109.4675,36.8905],[-109.465,36.8908],[-109.4641,36.8879],[-109.4673,36.8838],[-109.4737,36.8789],[-109.4647,36.8797],[-109.4642,36.8754],[-109.4677,36.8676],[-109.4778,36.8521],[-109.4845,36.8482],[-109.4849,36.8509],[-109.4877,36.8537],[-109.4942,36.8548],[-109.495,36.8552],[-109.4941,36.8566],[-109.4964,36.8559],[-109.5009,36.8582],[-109.5011,36.8596],[-109.5057,36.8578],[-109.5076,36.8592],[-109.5192,36.8573],[-109.5244,36.8596],[-109.5308,36.8581],[-109.5334,36.8608],[-109.5371,36.8616],[-109.5614,36.8532],[-109.5723,36.8525],[-109.5975,36.8539],[-109.6176,36.8524],[-109.6543,36.8376],[-109.6564,36.8333],[-109.6624,36.8267],[-109.6781,36.8139],[-109.6827,36.8078],[-109.6924,36.8036],[-109.6921,36.8012],[-109.6937,36.7995],[-109.7001,36.8005],[-109.7025,36.8026],[-109.7001,36.8051],[-109.7018,36.807],[-109.7082,36.808],[-109.7106,36.8129],[-109.7101,36.8224],[-109.7113,36.8243],[-109.7155,36.8292],[-109.7188,36.8302],[-109.7231,36.8357],[-109.7249,36.8343],[-109.7265,36.8355],[-109.729,36.8402],[-109.7339,36.8436],[-109.7347,36.8463],[-109.7329,36.8472],[-109.7345,36.8488],[-109.7328,36.8529],[-109.7341,36.8528],[-109.7364,36.8576],[-109.734,36.8583],[-109.7382,36.8599],[-109.7355,36.8628],[-109.7371,36.864],[-109.7363,36.8651],[-109.7321,36.8648],[-109.73,36.8687],[-109.732,36.8735],[-109.7357,36.8755],[-109.7316,36.8761],[-109.733,36.8779],[-109.7309,36.8792],[-109.7299,36.8828],[-109.7297,36.8839],[-109.7353,36.8847],[-109.7315,36.892],[-109.7326,36.894],[-109.7368,36.8921],[-109.7433,36.8936],[-109.7419,36.8979],[-109.7362,36.9005],[-109.7375,36.902],[-109.7379,36.9072],[-109.7327,36.909],[-109.732,36.9099],[-109.7339,36.9109],[-109.7341,36.9136],[-109.7334,36.9149],[-109.7311,36.9139],[-109.7322,36.9167],[-109.7308,36.9168],[-109.7309,36.9178],[-109.7339,36.9201],[-109.7317,36.9204],[-109.7343,36.9275],[-109.7357,36.9285],[-109.7296,36.9317],[-109.7294,36.9299],[-109.7272,36.9302],[-109.7258,36.9331],[-109.7276,36.9354],[-109.7256,36.936],[-109.7245,36.9384],[-109.7216,36.9374],[-109.7205,36.9405],[-109.7128,36.9413],[-109.7096,36.9452],[-109.6966,36.9557],[-109.6944,36.9582],[-109.6951,36.9646],[-109.6939,36.9669],[-109.6912,36.9657],[-109.6889,36.9666],[-109.6869,36.9733],[-109.6852,36.9749],[-109.6879,36.9789],[-109.6931,36.98],[-109.693,36.984],[-109.6889,36.9881],[-109.6946,36.9913],[-109.6998,36.9913],[-109.7011,36.993],[-109.702,36.9959],[-109.6995,36.9983],[-109.7011,37.0037],[-109.7035,37.0024],[-109.7091,37.0038],[-109.707,37.0181],[-109.7099,37.0262],[-109.7094,37.0286],[-109.7046,37.0327],[-109.7032,37.0399],[-109.7046,37.0417],[-109.7098,37.0404],[-109.7122,37.0444],[-109.7108,37.0469],[-109.7136,37.0475],[-109.7172,37.043],[-109.7193,37.0431],[-109.7214,37.0459],[-109.7114,37.0511],[-109.7112,37.0528],[-109.7122,37.0538],[-109.7193,37.0527],[-109.7224,37.054],[-109.722,37.0562],[-109.7202,37.0573],[-109.718,37.0565],[-109.7103,37.06],[-109.7117,37.0616],[-109.7183,37.0635],[-109.7223,37.0677],[-109.722,37.0746],[-109.7207,37.0748],[-109.7229,37.0784],[-109.7183,37.0808],[-109.7258,37.0816],[-109.7245,37.0872],[-109.7205,37.0897],[-109.7165,37.0958],[-109.708,37.1004],[-109.696,37.102],[-109.6847,37.1003],[-109.6811,37.1009],[-109.6809,37.1022],[-109.6829,37.1039],[-109.6818,37.1092],[-109.6866,37.1104],[-109.6766,37.1193],[-109.6764,37.1218],[-109.6821,37.1209],[-109.6835,37.1217],[-109.6834,37.1253],[-109.6855,37.1265],[-109.6866,37.1291],[-109.6861,37.1313],[-109.6896,37.1327],[-109.6921,37.1316],[-109.6913,37.1212],[-109.6921,37.1194],[-109.6968,37.1197],[-109.6988,37.1274],[-109.7009,37.1277],[-109.7061,37.1244],[-109.7073,37.1243],[-109.7083,37.1263],[-109.7067,37.1294],[-109.7099,37.1326],[-109.7074,37.1351],[-109.7088,37.1403],[-109.7018,37.1504],[-109.7069,37.157],[-109.707,37.16],[-109.7016,37.1637],[-109.7023,37.1685],[-109.6978,37.1755],[-109.6879,37.184],[-109.6819,37.1957],[-109.6815,37.1987],[-109.6818,37.2024],[-109.6834,37.2043],[-109.6943,37.207],[-109.7006,37.203],[-109.7069,37.2013],[-109.7082,37.1998],[-109.7139,37.199],[-109.7172,37.1955],[-109.7228,37.1928],[-109.7167,37.2007],[-109.7117,37.2131],[-109.7015,37.2172],[-109.6882,37.2192],[-109.6571,37.2358],[-109.6376,37.2441],[-109.6303,37.2445],[-109.6271,37.243],[-109.6201,37.2424],[-109.6197,37.2466],[-109.6217,37.2529],[-109.6204,37.2564],[-109.6175,37.2593],[-109.6106,37.2621],[-109.6046,37.2617],[-109.6007,37.2649],[-109.5987,37.2646],[-109.4817,36.9992],[-109.4619,36.9607],[-109.4471,36.9233],[-109.4455,36.9219],[-109.4493,36.912],[-109.4545,36.9088]]]}},{"type":"Feature","properties":{"chapter":"Red Mesa","agency":"Shiprock"},"geometry":{"type":"Polygon","coordinates":[[[-109.4618,37.2833],[-109.4579,37.2793],[-109.4531,37.2781],[-109.4514,37.2757],[-109.4469,37.2742],[-109.4345,37.2754],[-109.4333,37.2772],[-109.434,37.2813],[-109.4325,37.2833],[-109.4146,37.2835],[-109.4118,37.2828],[-109.404,37.2763],[-109.3976,37.2774],[-109.3927,37.2743],[-109.3809,37.2717],[-109.3745,37.2683],[-109.3668,37.2676],[-109.3613,37.2639],[-109.3558,37.2644],[-109.344,37.2696],[-109.3369,37.2671],[-109.3313,37.2689],[-109.3252,37.2666],[-109.3138,37.2592],[-109.3029,37.2574],[-109.2835,37.2574],[-109.2655,37.2547],[-109.2526,37.2423],[-109.2424,37.2384],[-109.2329,37.237],[-109.2287,37.2299],[-109.2093,37.2244],[-109.2069,37.2174],[-109.1853,37.2143],[-109.1762,37.2088],[-109.17,37.2015],[-109.1716,37.1962],[-109.1715,37.1827],[-109.1681,37.1778],[-109.1628,37.1746],[-109.1593,37.1684],[-109.1438,37.1662],[-109.1372,37.1631],[-109.127,37.1613],[-109.1238,37.1599],[-109.1172,37.1527],[-109.1167,37.1514],[-109.1255,37.1448],[-109.1271,37.1417],[-109.1273,37.1389],[-109.1245,37.1362],[-109.1247,37.1328],[-109.1233,37.1321],[-109.1247,37.1286],[-109.1235,37.1271],[-109.1242,37.1256],[-109.1301,37.1218],[-109.1326,37.1178],[-109.152,37.1052],[-109.1798,37.1007],[-109.2112,37.086],[-109.2173,37.0869],[-109.2203,37.0857],[-109.2225,37.0838],[-109.2238,37.0788],[-109.2221,37.0766],[-109.2233,37.0732],[-109.2261,37.0722],[-109.2426,37.0759],[-109.251,37.0748],[-109.2549,37.0782],[-109.2605,37.0769],[-109.2636,37.0771],[-109.2679,37.0795],[-109.275,37.079],[-109.2823,37.0838],[-109.2846,37.0825],[-109.2865,37.0774],[-109.2957,37.0706],[-109.3162,37.0302],[-109.3332,37.0154],[-109.3407,37.0139],[-109.3517,37.0088],[-109.3557,37.004],[-109.3509,36.9993],[-109.4018,36.9992],[-109.4455,36.9219],[-109.4471,36.9233],[-109.4619,36.9607],[-109.4817,36.9992],[-109.5987,37.2646],[-109.589,37.2612],[-109.5728,37.2674],[-109.572,37.2696],[-109.5676,37.2695],[-109.5629,37.2728],[-109.5579,37.2717],[-109.5532,37.2739],[-109.5455,37.272],[-109.5424,37.2756],[-109.5378,37.2774],[-109.5276,37.2749],[-109.5224,37.2751],[-109.5171,37.277],[-109.5136,37.2763],[-109.5095,37.2794],[-109.5042,37.2797],[-109.4993,37.2782],[-109.489,37.2817],[-109.485,37.28],[-109.4818,37.2821],[-109.4769,37.2825],[-109.4697,37.2853],[-109.4618,37.2833]]]}},{"type":"Feature","properties":{"chapter":"Aneth","agency":"Shiprock"},"geometry":{"type":"Polygon","coordinates":[[[-109.132,37.36],[-109.0456,37.36],[-109.0452,37.0229],[-109.0501,37.0337],[-109.0555,37.0377],[-109.0583,37.0434],[-109.0629,37.0483],[-109.0731,37.0542],[-109.0878,37.0591],[-109.0915,37.0633],[-109.0931,37.0686],[-109.0835,37.0804],[-109.0824,37.0846],[-109.0955,37.0969],[-109.1025,37.1007],[-109.1042,37.1029],[-109.1032,37.1092],[-109.1004,37.1136],[-109.0936,37.1197],[-109.0927,37.1229],[-109.1112,37.133],[-109.1136,37.1406],[-109.1161,37.1441],[-109.1172,37.1527],[-109.1238,37.1599],[-109.1372,37.1631],[-109.1438,37.1662],[-109.1593,37.1684],[-109.1628,37.1746],[-109.1681,37.1778],[-109.1715,37.1827],[-109.1716,37.1962],[-109.17,37.2015],[-109.1762,37.2088],[-109.1853,37.2143],[-109.2069,37.2174],[-109.2093,37.2244],[-109.2287,37.2299],[-109.2329,37.237],[-109.2424,37.2384],[-109.2526,37.2423],[-109.2655,37.2547],[-109.2835,37.2574],[-109.3029,37.2574],[-109.3138,37.2592],[-109.3252,37.2666],[-109.3313,37.2689],[-109.3313,37.273],[-109.3388,37.2797],[-109.3339,37.2937],[-109.3313,37.2975],[-109.3313,37.3166],[-109.3449,37.3166],[-109.3449,37.3202],[-109.354,37.3202],[-109.354,37.3311],[-109.3766,37.331],[-109.3766,37.3236],[-109.3811,37.3236],[-109.3811,37.3201],[-109.3948,37.3201],[-109.3948,37.3237],[-109.3993,37.3238],[-109.3993,37.3274],[-109.4038,37.3274],[-109.4038,37.3311],[-109.4038,37.3383],[-109.3993,37.3383],[-109.3993,37.3492],[-109.3948,37.3492],[-109.3947,37.3601],[-109.4528,37.3601],[-109.4531,37.3614],[-109.4505,37.3645],[-109.452,37.3683],[-109.449,37.3693],[-109.4488,37.3723],[-109.4448,37.3716],[-109.442,37.3747],[-109.4392,37.375],[-109.4381,37.3787],[-109.4387,37.3806],[-109.436,37.3807],[-109.4348,37.3822],[-109.4348,37.384],[-109.4378,37.3868],[-109.4373,37.389],[-109.422,37.389],[-109.422,37.4108],[-109.4129,37.4108],[-109.4128,37.4325],[-109.4037,37.4325],[-109.4037,37.447],[-109.3674,37.447],[-109.3674,37.4615],[-109.3492,37.4616],[-109.3492,37.4471],[-109.3045,37.447],[-109.3045,37.4615],[-109.2772,37.4615],[-109.2772,37.447],[-109.2408,37.447],[-109.2408,37.4325],[-109.214,37.4325],[-109.2139,37.4288],[-109.2048,37.4288],[-109.2049,37.4325],[-109.1912,37.4325],[-109.1912,37.4289],[-109.1867,37.4289],[-109.1866,37.4035],[-109.2047,37.4035],[-109.2047,37.389],[-109.2226,37.389],[-109.2226,37.3745],[-109.1321,37.3746],[-109.132,37.36]]]}},{"type":"Feature","properties":{"chapter":"Teec Nos Pos","agency":"Shiprock"},"geometry":{"type":"Polygon","coordinates":[[[-109.0926,37.1224],[-109.0936,37.1197],[-109.1016,37.112],[-109.1032,37.1092],[-109.1042,37.1029],[-109.1025,37.1007],[-109.0955,37.0969],[-109.0824,37.0846],[-109.0835,37.0804],[-109.0931,37.0686],[-109.0915,37.0633],[-109.0868,37.0585],[-109.0731,37.0542],[-109.0643,37.0494],[-109.0583,37.0434],[-109.0555,37.0377],[-109.0501,37.0337],[-109.0452,37.0229],[-109.0452,36.999],[-109.0024,36.999],[-108.9891,36.997],[-108.9825,36.9948],[-108.9819,36.9892],[-108.9856,36.983],[-108.9917,36.9868],[-108.9984,36.9856],[-108.9981,36.9819],[-109.0017,36.9776],[-109.0059,36.9766],[-109.0095,36.9718],[-109.017,36.9707],[-109.0268,36.9643],[-109.0327,36.9626],[-109.0357,36.9562],[-109.0416,36.9557],[-109.0435,36.9541],[-109.0484,36.9531],[-109.0503,36.9506],[-109.0482,36.949],[-109.0482,36.9475],[-109.0499,36.9451],[-109.054,36.9432],[-109.0542,36.94],[-109.0657,36.9397],[-109.0704,36.938],[-109.0787,36.9284],[-109.0779,36.9247],[-109.0804,36.9229],[-109.0735,36.9192],[-109.0745,36.9134],[-109.0722,36.9079],[-109.0802,36.8728],[-109.0901,36.8656],[-109.0927,36.859],[-109.0964,36.8546],[-109.107,36.8495],[-109.1132,36.8396],[-109.121,36.8374],[-109.1214,36.8335],[-109.126,36.8289],[-109.1278,36.8205],[-109.1277,36.819],[-109.1239,36.8161],[-109.1248,36.8093],[-109.1332,36.7969],[-109.136,36.7955],[-109.1494,36.7979],[-109.1508,36.7959],[-109.1536,36.7961],[-109.158,36.7928],[-109.1651,36.7904],[-109.1682,36.7926],[-109.174,36.7938],[-109.1748,36.7928],[-109.182,36.7934],[-109.198,36.8011],[-109.1962,36.804],[-109.1992,36.8108],[-109.1987,36.8144],[-109.2038,36.8184],[-109.2044,36.8216],[-109.212,36.8253],[-109.2141,36.8315],[-109.2165,36.8317],[-109.2219,36.829],[-109.2281,36.8305],[-109.2308,36.8327],[-109.2306,36.8371],[-109.2346,36.8456],[-109.2409,36.8482],[-109.2441,36.8536],[-109.2507,36.857],[-109.2535,36.8607],[-109.2621,36.8675],[-109.2697,36.8712],[-109.277,36.8716],[-109.2808,36.874],[-109.2847,36.8832],[-109.2911,36.9076],[-109.2979,36.916],[-109.2991,36.9201],[-109.3181,36.9411],[-109.343,36.9868],[-109.3459,36.9884],[-109.3457,36.9913],[-109.3481,36.9923],[-109.347,36.994],[-109.349,36.9952],[-109.3495,36.9984],[-109.3557,37.004],[-109.3517,37.0088],[-109.3467,37.0116],[-109.3332,37.0154],[-109.3162,37.0302],[-109.2957,37.0706],[-109.293,37.0735],[-109.2891,37.0748],[-109.2865,37.0774],[-109.2846,37.0825],[-109.2823,37.0838],[-109.275,37.079],[-109.2679,37.0795],[-109.2636,37.0771],[-109.2605,37.0769],[-109.2549,37.0782],[-109.251,37.0748],[-109.2426,37.0759],[-109.2261,37.0722],[-109.2233,37.0732],[-109.2221,37.0766],[-109.2238,37.0788],[-109.2225,37.0838],[-109.2203,37.0857],[-109.2173,37.0869],[-109.2112,37.086],[-109.1798,37.1007],[-109.152,37.1052],[-109.1326,37.1178],[-109.1301,37.1218],[-109.1264,37.1233],[-109.1235,37.1271],[-109.1247,37.1286],[-109.1233,37.1321],[-109.1247,37.1328],[-109.124,37.1353],[-109.1273,37.1389],[-109.1271,37.1417],[-109.1255,37.1448],[-109.1167,37.1514],[-109.1161,37.1441],[-109.1136,37.1406],[-109.1112,37.133],[-109.0942,37.1242],[-109.0926,37.1224]]]}},{"type":"Feature","properties":{"chapter":"Tsaile/Wheatfields","agency":"Chinle"},"geometry":{"type":"Polygon","coordinates":[[[-109.402,36.4408],[-109.3987,36.4387],[-109.3992,36.4345],[-109.3984,36.4317],[-109.3946,36.429],[-109.3953,36.4264],[-109.3904,36.4228],[-109.39,36.4212],[-109.3818,36.4171],[-109.3713,36.4072],[-109.3662,36.4072],[-109.3651,36.4043],[-109.3597,36.4038],[-109.3549,36.3986],[-109.3518,36.3979],[-109.3503,36.3944],[-109.3447,36.3952],[-109.3347,36.3896],[-109.3308,36.3847],[-109.3327,36.3821],[-109.3327,36.378],[-109.327,36.3762],[-109.326,36.3725],[-109.324,36.3717],[-109.3196,36.3715],[-109.3162,36.3694],[-109.3136,36.3708],[-109.3113,36.3746],[-109.309,36.375],[-109.3012,36.3727],[-109.2965,36.3743],[-109.2946,36.3718],[-109.2902,36.3735],[-109.274,36.3747],[-109.2557,36.373],[-109.2505,36.3686],[-109.2496,36.3631],[-109.2509,36.3612],[-109.2381,36.3413],[-109.215,36.3393],[-109.1895,36.3334],[-109.1857,36.3342],[-109.1818,36.333],[-109.1679,36.3355],[-109.1661,36.3316],[-109.1642,36.3309],[-109.1622,36.3329],[-109.1628,36.3352],[-109.1617,36.3376],[-109.1564,36.3408],[-109.1513,36.3407],[-109.1453,36.3357],[-109.1446,36.3312],[-109.1462,36.3271],[-109.1447,36.3259],[-109.1453,36.3236],[-109.1434,36.3229],[-109.139,36.3244],[-109.1378,36.3268],[-109.1382,36.3316],[-109.1324,36.3361],[-109.1247,36.3364],[-109.1194,36.3337],[-109.1064,36.3312],[-109.0895,36.3321],[-109.0859,36.3312],[-109.081,36.3264],[-109.0874,36.3173],[-109.0876,36.3134],[-109.09,36.3096],[-109.1021,36.3039],[-109.1046,36.2983],[-109.1036,36.297],[-109.0949,36.295],[-109.095,36.2887],[-109.0841,36.2923],[-109.0806,36.2968],[-109.0773,36.2982],[-109.0748,36.2977],[-109.0723,36.2954],[-109.0691,36.2893],[-109.066,36.2884],[-109.0652,36.2867],[-109.0657,36.2843],[-109.0701,36.2812],[-109.0722,36.2756],[-109.0685,36.2674],[-109.0672,36.2669],[-109.0624,36.269],[-109.0604,36.2715],[-109.0614,36.2762],[-109.0606,36.2788],[-109.0516,36.2841],[-109.0423,36.2833],[-109.0359,36.2767],[-109.0295,36.2764],[-109.0116,36.2799],[-109.0069,36.2787],[-109.0125,36.2713],[-109.0131,36.2659],[-109.0096,36.2616],[-109.0096,36.2548],[-109.0022,36.2402],[-108.9994,36.2306],[-108.9965,36.2278],[-108.9833,36.2241],[-108.981,36.2223],[-108.9802,36.2198],[-108.9818,36.215],[-108.9877,36.2109],[-108.9908,36.2069],[-108.9913,36.2017],[-108.9992,36.1981],[-109.0093,36.1958],[-109.0143,36.1911],[-109.0164,36.1866],[-109.0149,36.1816],[-109.0193,36.1735],[-109.0169,36.1679],[-109.0157,36.1437],[-109.0173,36.1421],[-109.035,36.1394],[-109.047,36.1412],[-109.0492,36.1402],[-109.0649,36.145],[-109.0694,36.143],[-109.0738,36.1431],[-109.0803,36.147],[-109.0817,36.1464],[-109.0881,36.1483],[-109.0892,36.1498],[-109.0937,36.1481],[-109.0949,36.1462],[-109.0973,36.1463],[-109.0994,36.1435],[-109.1011,36.1433],[-109.1008,36.1423],[-109.1087,36.1414],[-109.1107,36.1385],[-109.1138,36.138],[-109.1145,36.1359],[-109.12,36.1355],[-109.1242,36.1371],[-109.1285,36.1354],[-109.1423,36.1278],[-109.1487,36.1222],[-109.1503,36.1238],[-109.1585,36.1244],[-109.1599,36.1282],[-109.1628,36.1288],[-109.1642,36.131],[-109.1675,36.1311],[-109.1718,36.1338],[-109.1752,36.1334],[-109.1773,36.1352],[-109.1813,36.1345],[-109.1834,36.1367],[-109.1878,36.1382],[-109.1879,36.1398],[-109.1848,36.1429],[-109.1776,36.1457],[-109.1767,36.1484],[-109.1734,36.149],[-109.1724,36.1519],[-109.1689,36.1532],[-109.169,36.156],[-109.1662,36.16],[-109.1679,36.16],[-109.1741,36.1546],[-109.1752,36.1509],[-109.1803,36.1511],[-109.1818,36.1486],[-109.185,36.1483],[-109.1859,36.1512],[-109.1886,36.1524],[-109.1894,36.1508],[-109.1884,36.1475],[-109.1914,36.1451],[-109.1977,36.1474],[-109.2015,36.1454],[-109.2046,36.1475],[-109.2096,36.1446],[-109.2134,36.1465],[-109.2176,36.1448],[-109.2206,36.1539],[-109.2155,36.1598],[-109.2168,36.1616],[-109.2261,36.1542],[-109.2305,36.155],[-109.2292,36.1515],[-109.2256,36.1491],[-109.2257,36.1421],[-109.2316,36.1389],[-109.2336,36.1413],[-109.2368,36.1406],[-109.2398,36.1418],[-109.2405,36.1374],[-109.2387,36.1361],[-109.2406,36.1344],[-109.2416,36.1302],[-109.2461,36.1273],[-109.2509,36.1276],[-109.2539,36.1248],[-109.2578,36.1264],[-109.264,36.1246],[-109.2716,36.1261],[-109.2715,36.131],[-109.2673,36.1358],[-109.2685,36.1367],[-109.2687,36.1402],[-109.2743,36.1358],[-109.2773,36.1361],[-109.2791,36.1305],[-109.2821,36.128],[-109.2841,36.1282],[-109.2854,36.1335],[-109.2903,36.1347],[-109.2929,36.1284],[-109.2978,36.1285],[-109.3005,36.1271],[-109.304,36.1297],[-109.3107,36.123],[-109.3147,36.124],[-109.3187,36.1199],[-109.3222,36.1182],[-109.3228,36.1206],[-109.3198,36.1263],[-109.3261,36.1231],[-109.3267,36.1244],[-109.3226,36.1315],[-109.3241,36.1319],[-109.3318,36.1275],[-109.3391,36.119],[-109.3395,36.1161],[-109.3444,36.1156],[-109.3456,36.1212],[-109.3503,36.123],[-109.3514,36.1216],[-109.3543,36.1213],[-109.3537,36.1171],[-109.355,36.1129],[-109.3585,36.1148],[-109.3624,36.1123],[-109.3706,36.1178],[-109.372,36.1161],[-109.3756,36.1159],[-109.3775,36.1109],[-109.3801,36.1146],[-109.3826,36.1157],[-109.3865,36.1121],[-109.3915,36.1132],[-109.3937,36.1096],[-109.3954,36.1126],[-109.3982,36.1142],[-109.3975,36.1169],[-109.3995,36.1184],[-109.4025,36.1184],[-109.4073,36.1153],[-109.4109,36.1174],[-109.4153,36.1171],[-109.4192,36.1142],[-109.4232,36.1176],[-109.4232,36.1208],[-109.4276,36.1243],[-109.4306,36.1219],[-109.4328,36.1238],[-109.4371,36.1242],[-109.4398,36.1222],[-109.4426,36.1245],[-109.4421,36.1268],[-109.4432,36.1279],[-109.4473,36.1266],[-109.4525,36.1269],[-109.4553,36.1309],[-109.453,36.1339],[-109.4535,36.1356],[-109.4579,36.1345],[-109.4583,36.1371],[-109.4599,36.1375],[-109.4659,36.135],[-109.4718,36.1349],[-109.4688,36.1368],[-109.471,36.1388],[-109.478,36.1385],[-109.4813,36.1405],[-109.4811,36.1438],[-109.4788,36.1458],[-109.4722,36.1478],[-109.4714,36.1498],[-109.4672,36.1493],[-109.4672,36.1541],[-109.4613,36.1557],[-109.4554,36.1542],[-109.4526,36.1551],[-109.451,36.1539],[-109.4502,36.1505],[-109.446,36.152],[-109.4427,36.1492],[-109.4399,36.1493],[-109.4389,36.1523],[-109.4289,36.1498],[-109.4258,36.1473],[-109.4238,36.148],[-109.4176,36.1418],[-109.4172,36.1363],[-109.4118,36.1393],[-109.4053,36.1341],[-109.4023,36.1338],[-109.3995,36.1363],[-109.4022,36.1376],[-109.4048,36.1415],[-109.4031,36.1479],[-109.399,36.1474],[-109.3921,36.149],[-109.3913,36.1502],[-109.3852,36.1504],[-109.3826,36.1491],[-109.3721,36.1478],[-109.3656,36.1411],[-109.3641,36.1416],[-109.3654,36.1463],[-109.3621,36.148],[-109.343,36.1492],[-109.3375,36.1512],[-109.3364,36.1549],[-109.3344,36.1562],[-109.314,36.1587],[-109.3158,36.1607],[-109.3199,36.1602],[-109.324,36.1617],[-109.3296,36.1589],[-109.3358,36.1597],[-109.3384,36.1583],[-109.341,36.1538],[-109.3459,36.1523],[-109.3544,36.1528],[-109.3572,36.1541],[-109.3653,36.1519],[-109.368,36.1523],[-109.3703,36.1545],[-109.3733,36.1527],[-109.3862,36.1561],[-109.3898,36.1545],[-109.394,36.1553],[-109.4007,36.1521],[-109.4107,36.1525],[-109.4106,36.1465],[-109.4128,36.1454],[-109.4159,36.1461],[-109.4192,36.151],[-109.4217,36.152],[-109.4244,36.1578],[-109.4193,36.1552],[-109.4193,36.1591],[-109.4101,36.1589],[-109.4072,36.1636],[-109.4109,36.163],[-109.4114,36.1659],[-109.4047,36.169],[-109.402,36.1672],[-109.3975,36.169],[-109.3907,36.1679],[-109.3919,36.1714],[-109.4006,36.1734],[-109.4,36.1785],[-109.3951,36.181],[-109.3848,36.1823],[-109.3826,36.1786],[-109.3797,36.1767],[-109.3773,36.1769],[-109.3759,36.1792],[-109.3699,36.1754],[-109.3706,36.1713],[-109.3694,36.1699],[-109.3675,36.1698],[-109.3648,36.1716],[-109.362,36.1697],[-109.3575,36.1709],[-109.3583,36.1735],[-109.3564,36.1745],[-109.3564,36.1765],[-109.3533,36.1795],[-109.3626,36.1789],[-109.3658,36.1828],[-109.3696,36.1826],[-109.3748,36.1849],[-109.3741,36.1864],[-109.3754,36.1882],[-109.3799,36.1901],[-109.3753,36.1913],[-109.3732,36.1934],[-109.3746,36.1986],[-109.3714,36.2018],[-109.3707,36.2045],[-109.3691,36.2045],[-109.3693,36.2006],[-109.3633,36.1947],[-109.3618,36.1946],[-109.3591,36.1984],[-109.3528,36.1969],[-109.3431,36.1993],[-109.3454,36.2014],[-109.3535,36.2024],[-109.3561,36.2065],[-109.3605,36.2077],[-109.3585,36.212],[-109.3539,36.2113],[-109.3505,36.2139],[-109.3467,36.212],[-109.3435,36.2137],[-109.3482,36.2181],[-109.3561,36.2186],[-109.3518,36.2227],[-109.3476,36.2241],[-109.3488,36.229],[-109.3461,36.2254],[-109.3442,36.2253],[-109.3426,36.2266],[-109.3413,36.2313],[-109.3421,36.2331],[-109.3508,36.2348],[-109.3509,36.2423],[-109.3525,36.2455],[-109.3516,36.2469],[-109.338,36.2521],[-109.3367,36.2498],[-109.3398,36.2458],[-109.3385,36.2421],[-109.3357,36.2412],[-109.334,36.2425],[-109.3299,36.242],[-109.3263,36.2403],[-109.3244,36.2367],[-109.3228,36.2363],[-109.3222,36.2425],[-109.3187,36.2402],[-109.3157,36.2398],[-109.3086,36.2428],[-109.304,36.2427],[-109.3004,36.245],[-109.2949,36.2451],[-109.2918,36.2408],[-109.2909,36.241],[-109.2879,36.2429],[-109.2894,36.247],[-109.287,36.249],[-109.2841,36.2464],[-109.2791,36.2448],[-109.2738,36.2458],[-109.2687,36.2486],[-109.2624,36.2479],[-109.2564,36.2501],[-109.2555,36.2518],[-109.2522,36.2522],[-109.2514,36.254],[-109.2467,36.2518],[-109.2442,36.2522],[-109.2382,36.2559],[-109.2357,36.2562],[-109.2334,36.2594],[-109.225,36.2623],[-109.2266,36.2638],[-109.2341,36.2622],[-109.2444,36.2564],[-109.2513,36.2589],[-109.2562,36.2572],[-109.2617,36.2531],[-109.2683,36.254],[-109.2711,36.2525],[-109.2749,36.2531],[-109.2771,36.2504],[-109.2794,36.2525],[-109.2821,36.2528],[-109.2844,36.2556],[-109.2862,36.2559],[-109.2944,36.2523],[-109.297,36.2551],[-109.3016,36.2506],[-109.3061,36.2484],[-109.3118,36.2482],[-109.3174,36.2459],[-109.3195,36.2489],[-109.3237,36.2503],[-109.3267,36.25],[-109.3285,36.2478],[-109.3312,36.2478],[-109.3309,36.2527],[-109.3262,36.2557],[-109.3333,36.2583],[-109.3329,36.2609],[-109.3289,36.2614],[-109.3247,36.2642],[-109.3228,36.2634],[-109.3164,36.2642],[-109.3102,36.2707],[-109.31,36.2728],[-109.3134,36.2725],[-109.3119,36.2758],[-109.3169,36.2737],[-109.3174,36.2696],[-109.3203,36.2672],[-109.3258,36.2693],[-109.3274,36.2721],[-109.3335,36.2665],[-109.3384,36.2659],[-109.3439,36.2569],[-109.3465,36.2596],[-109.3481,36.2631],[-109.3482,36.2675],[-109.3512,36.2717],[-109.3545,36.269],[-109.3519,36.2661],[-109.3527,36.2626],[-109.3515,36.2531],[-109.3595,36.2507],[-109.3613,36.2469],[-109.3613,36.2441],[-109.3594,36.2424],[-109.3607,36.238],[-109.3661,36.2365],[-109.3676,36.2351],[-109.3654,36.2339],[-109.3691,36.2332],[-109.3902,36.2423],[-109.4118,36.2426],[-109.4156,36.2452],[-109.4204,36.2449],[-109.4256,36.2496],[-109.4295,36.2491],[-109.4319,36.2517],[-109.4491,36.2523],[-109.4532,36.2542],[-109.4535,36.2567],[-109.4552,36.2581],[-109.4596,36.258],[-109.4568,36.2611],[-109.4478,36.2647],[-109.4478,36.2692],[-109.4406,36.272],[-109.4359,36.2753],[-109.4324,36.2751],[-109.4323,36.2772],[-109.4293,36.2796],[-109.4261,36.2786],[-109.4251,36.2737],[-109.4215,36.2706],[-109.4206,36.2689],[-109.4213,36.2677],[-109.4183,36.2639],[-109.4174,36.2649],[-109.4196,36.2678],[-109.4186,36.269],[-109.4205,36.2713],[-109.421,36.2745],[-109.4158,36.2738],[-109.4131,36.2751],[-109.4129,36.2766],[-109.4208,36.3011],[-109.4203,36.3038],[-109.4179,36.3061],[-109.4036,36.3064],[-109.3967,36.3094],[-109.3911,36.3101],[-109.38,36.3083],[-109.3739,36.3371],[-109.3712,36.3439],[-109.3721,36.3572],[-109.3783,36.3594],[-109.3805,36.3648],[-109.3819,36.3648],[-109.3828,36.3673],[-109.3892,36.3718],[-109.3893,36.3747],[-109.3907,36.3761],[-109.3898,36.3787],[-109.4002,36.3796],[-109.4044,36.3907],[-109.4064,36.3925],[-109.404,36.3947],[-109.4055,36.3983],[-109.4051,36.4019],[-109.4112,36.4062],[-109.4151,36.4144],[-109.4152,36.4173],[-109.4221,36.4171],[-109.4258,36.4213],[-109.4286,36.4216],[-109.4307,36.4257],[-109.4335,36.4256],[-109.4353,36.4236],[-109.439,36.4246],[-109.4458,36.4315],[-109.4499,36.432],[-109.4529,36.4421],[-109.4513,36.4436],[-109.4486,36.4395],[-109.4466,36.4396],[-109.4453,36.438],[-109.4434,36.4402],[-109.4364,36.4393],[-109.4338,36.4415],[-109.432,36.4395],[-109.4265,36.4419],[-109.4247,36.441],[-109.4203,36.445],[-109.4158,36.446],[-109.4148,36.4488],[-109.4125,36.4489],[-109.4065,36.4439],[-109.4017,36.442],[-109.402,36.4408]]]}},{"type":"Feature","properties":{"chapter":"Sawmill","agency":"Fort Defiance"},"geometry":{"type":"Polygon","coordinates":[[[-109.1702,35.9247],[-109.1731,35.9503],[-109.1761,35.9574],[-109.1777,35.96],[-109.1819,35.9628],[-109.1936,35.9837],[-109.2074,36.0037],[-109.2202,36.0134],[-109.223,36.0135],[-109.2266,36.0163],[-109.2336,36.0181],[-109.2347,36.0194],[-109.2342,36.0223],[-109.2372,36.0216],[-109.2396,36.0245],[-109.2424,36.0254],[-109.2405,36.0292],[-109.2429,36.0298],[-109.2473,36.0255],[-109.2497,36.0286],[-109.2536,36.0275],[-109.254,36.0289],[-109.2522,36.0311],[-109.2533,36.0347],[-109.2571,36.03],[-109.2576,36.0263],[-109.2601,36.0244],[-109.2669,36.0235],[-109.2724,36.0208],[-109.2767,36.0216],[-109.277,36.0257],[-109.282,36.03],[-109.2852,36.0349],[-109.2826,36.0397],[-109.2834,36.0427],[-109.2808,36.0452],[-109.2837,36.047],[-109.2899,36.0473],[-109.2937,36.0511],[-109.2949,36.0535],[-109.2945,36.0558],[-109.2976,36.0583],[-109.2968,36.0628],[-109.298,36.0641],[-109.2977,36.0664],[-109.2925,36.0672],[-109.2895,36.0705],[-109.2969,36.0717],[-109.2884,36.0754],[-109.3002,36.0771],[-109.3011,36.0807],[-109.2986,36.0863],[-109.312,36.0834],[-109.3132,36.0869],[-109.3157,36.0886],[-109.3152,36.0918],[-109.319,36.092],[-109.3204,36.0953],[-109.3236,36.0969],[-109.3203,36.0988],[-109.3202,36.1033],[-109.3234,36.1007],[-109.3299,36.1007],[-109.3324,36.0994],[-109.3344,36.1001],[-109.3357,36.1027],[-109.3379,36.1033],[-109.3373,36.1061],[-109.3327,36.1088],[-109.3222,36.1099],[-109.3156,36.1128],[-109.3131,36.1112],[-109.3097,36.1127],[-109.307,36.111],[-109.3037,36.1116],[-109.3029,36.1124],[-109.3046,36.1156],[-109.301,36.1169],[-109.2931,36.1145],[-109.2837,36.1135],[-109.2824,36.1105],[-109.2804,36.1112],[-109.2787,36.1103],[-109.2777,36.1119],[-109.2792,36.1169],[-109.2744,36.1124],[-109.2659,36.1106],[-109.2635,36.1114],[-109.2631,36.1135],[-109.2575,36.1112],[-109.2495,36.1134],[-109.2465,36.1091],[-109.2481,36.1058],[-109.2477,36.1035],[-109.2437,36.1051],[-109.2393,36.1032],[-109.24,36.1087],[-109.2386,36.1114],[-109.2416,36.1167],[-109.2412,36.1192],[-109.2348,36.1182],[-109.2274,36.1189],[-109.227,36.1201],[-109.2295,36.1201],[-109.2342,36.1229],[-109.2307,36.1265],[-109.2291,36.1305],[-109.222,36.1314],[-109.2182,36.1352],[-109.2137,36.1372],[-109.2117,36.1353],[-109.2044,36.1376],[-109.1991,36.1374],[-109.1992,36.1342],[-109.198,36.1334],[-109.1916,36.1323],[-109.1918,36.1292],[-109.1867,36.132],[-109.1813,36.1298],[-109.1795,36.1278],[-109.174,36.1293],[-109.1721,36.1284],[-109.1749,36.1253],[-109.1745,36.1238],[-109.1658,36.1271],[-109.1628,36.1254],[-109.1627,36.1223],[-109.16,36.1208],[-109.1579,36.1151],[-109.156,36.1142],[-109.1563,36.1123],[-109.1589,36.1101],[-109.1589,36.1074],[-109.1623,36.1063],[-109.1593,36.1024],[-109.1631,36.0992],[-109.1623,36.0968],[-109.1602,36.096],[-109.1622,36.0934],[-109.1597,36.0909],[-109.1606,36.0879],[-109.1571,36.0864],[-109.1573,36.0845],[-109.1543,36.0807],[-109.1491,36.0796],[-109.1496,36.076],[-109.1523,36.0747],[-109.1521,36.0705],[-109.1539,36.0666],[-109.1507,36.0627],[-109.1482,36.0494],[-109.1414,36.0379],[-109.1305,36.007],[-109.1207,35.9994],[-109.1164,35.9977],[-109.112,35.998],[-109.1052,36.0021],[-109.1024,36.0025],[-109.094,35.9968],[-109.0943,35.9933],[-109.092,35.9896],[-109.093,35.9851],[-109.0968,35.9834],[-109.0995,35.9795],[-109.1052,35.967],[-109.1143,35.9595],[-109.1176,35.9581],[-109.1205,35.9525],[-109.1246,35.9481],[-109.1281,35.9458],[-109.1341,35.9467],[-109.1506,35.9376],[-109.1606,35.939],[-109.1652,35.934],[-109.1657,35.931],[-109.1702,35.9247]]]}},{"type":"Feature","properties":{"chapter":"Crystal","agency":"Fort Defiance"},"geometry":{"type":"MultiPolygon","coordinates":[[[[-109.092,35.9903],[-109.0919,35.9897],[-109.092,35.9896],[-109.092,35.9903]]],[[[-108.9783,36.2019],[-108.9752,36.2022],[-108.9712,36.2065],[-108.9662,36.2078],[-108.9642,36.2066],[-108.969,36.2006],[-108.9688,36.1986],[-108.9672,36.1977],[-108.9647,36.1982],[-108.9603,36.2022],[-108.9567,36.2026],[-108.9588,36.1988],[-108.9573,36.1974],[-108.9604,36.1952],[-108.961,36.1929],[-108.9599,36.1815],[-108.9611,36.1665],[-108.9669,36.1602],[-108.9656,36.1584],[-108.9583,36.1584],[-108.9587,36.1555],[-108.963,36.1494],[-108.9665,36.1474],[-108.9732,36.1465],[-108.9765,36.1423],[-108.9744,36.1414],[-108.9724,36.1425],[-108.9668,36.1407],[-108.9591,36.136],[-108.9561,36.138],[-108.9572,36.1441],[-108.9547,36.1421],[-108.955,36.1392],[-108.9525,36.1374],[-108.952,36.136],[-108.954,36.1339],[-108.9523,36.132],[-108.9479,36.132],[-108.9425,36.1295],[-108.9426,36.1281],[-108.947,36.1257],[-108.9503,36.1218],[-108.952,36.1169],[-108.9549,36.1147],[-108.954,36.1136],[-108.9515,36.1138],[-108.9403,36.1169],[-108.9368,36.1166],[-108.9364,36.1146],[-108.9423,36.1112],[-108.9446,36.1065],[-108.9442,36.1027],[-108.9424,36.1013],[-108.943,36.0995],[-108.9376,36.0987],[-108.9368,36.0962],[-108.9332,36.0951],[-108.9283,36.0969],[-108.9271,36.1003],[-108.9252,36.1006],[-108.9214,36.0991],[-108.9211,36.0957],[-108.9181,36.0957],[-108.9152,36.0986],[-108.9114,36.1076],[-108.9089,36.1095],[-108.9043,36.1077],[-108.903,36.1049],[-108.9058,36.0966],[-108.9054,36.0937],[-108.9012,36.0901],[-108.8836,36.0881],[-108.8819,36.0888],[-108.8784,36.0947],[-108.8752,36.0956],[-108.8734,36.0933],[-108.8724,36.0864],[-108.8702,36.0825],[-108.8954,36.0711],[-108.9015,36.0643],[-108.9013,36.0578],[-108.9051,36.0442],[-108.9063,36.0346],[-108.9048,36.0319],[-108.9064,36.0306],[-108.9044,36.0301],[-108.9044,36.0282],[-108.9078,36.0255],[-108.9155,36.0228],[-108.9173,36.0208],[-108.9199,36.0128],[-108.9274,36.0051],[-108.9328,36.003],[-108.9348,35.9994],[-108.9379,36.0008],[-108.9399,35.9999],[-108.9467,35.9903],[-108.9461,35.9869],[-108.9581,35.9837],[-108.9617,35.9858],[-108.9725,35.981],[-108.9753,35.9823],[-108.9804,35.9813],[-108.9815,35.9824],[-108.9806,35.9859],[-108.9874,35.9891],[-108.9927,35.9892],[-108.9985,35.9853],[-109.0078,35.9887],[-109.0131,35.9871],[-109.0171,35.9887],[-109.0263,35.9875],[-109.0182,35.9953],[-109.0207,36.0034],[-109.0306,36.012],[-109.039,36.0244],[-109.0383,36.027],[-109.0452,36.0338],[-109.07,36.0256],[-109.0789,36.0195],[-109.089,36.0148],[-109.0935,36.0103],[-109.0992,36.0088],[-109.0996,36.0059],[-109.0983,36.0031],[-109.0932,35.9977],[-109.0934,35.9926],[-109.0921,35.9905],[-109.0943,35.9933],[-109.094,35.9968],[-109.095,35.9981],[-109.1024,36.0025],[-109.1052,36.0021],[-109.112,35.998],[-109.1164,35.9977],[-109.1207,35.9994],[-109.1305,36.007],[-109.1414,36.0379],[-109.1482,36.0494],[-109.1507,36.0627],[-109.1539,36.0666],[-109.1521,36.0705],[-109.1523,36.0747],[-109.1496,36.076],[-109.1491,36.0796],[-109.1543,36.0807],[-109.1573,36.0845],[-109.1571,36.0864],[-109.1606,36.0879],[-109.1597,36.0909],[-109.1622,36.0934],[-109.1602,36.0964],[-109.1623,36.0968],[-109.1631,36.0992],[-109.1593,36.1024],[-109.1623,36.1063],[-109.1589,36.1074],[-109.1589,36.1101],[-109.154,36.116],[-109.1571,36.1208],[-109.1496,36.1215],[-109.1423,36.1278],[-109.1242,36.1371],[-109.12,36.1355],[-109.1145,36.1359],[-109.1138,36.138],[-109.1107,36.1385],[-109.1087,36.1414],[-109.1008,36.1423],[-109.1011,36.1433],[-109.0994,36.1435],[-109.0973,36.1463],[-109.0949,36.1462],[-109.0937,36.1481],[-109.0892,36.1498],[-109.0881,36.1483],[-109.0817,36.1464],[-109.0803,36.147],[-109.0738,36.1431],[-109.0694,36.143],[-109.0649,36.145],[-109.0492,36.1402],[-109.047,36.1412],[-109.035,36.1394],[-109.0173,36.1421],[-109.015,36.1455],[-109.0172,36.1705],[-109.0193,36.1735],[-109.0149,36.1816],[-109.0164,36.1866],[-109.0143,36.1911],[-109.0093,36.1958],[-108.9992,36.1981],[-108.9913,36.2017],[-108.9902,36.2047],[-108.9808,36.2081],[-108.9791,36.2075],[-108.9783,36.2019]]]]}},{"type":"Feature","properties":{"chapter":"Sanostee","agency":"Shiprock"},"geometry":{"type":"Polygon","coordinates":[[[-109.0096,36.2616],[-109.0131,36.2659],[-109.0125,36.2713],[-109.0069,36.2787],[-109.0116,36.2799],[-109.0295,36.2764],[-109.0359,36.2767],[-109.0423,36.2833],[-109.0516,36.2841],[-109.0606,36.2788],[-109.0614,36.2762],[-109.0604,36.2715],[-109.0624,36.269],[-109.0672,36.2669],[-109.0685,36.2674],[-109.0722,36.2756],[-109.0701,36.2812],[-109.0657,36.2843],[-109.0652,36.2867],[-109.066,36.2884],[-109.0691,36.2893],[-109.0723,36.2954],[-109.0748,36.2977],[-109.0773,36.2982],[-109.0806,36.2968],[-109.0841,36.2923],[-109.095,36.2887],[-109.0949,36.295],[-109.1036,36.297],[-109.1046,36.2983],[-109.1021,36.3039],[-109.09,36.3096],[-109.0876,36.3134],[-109.0874,36.3173],[-109.081,36.3264],[-109.0863,36.3346],[-109.0896,36.3374],[-109.0929,36.344],[-109.0928,36.3561],[-109.0914,36.3587],[-109.0979,36.373],[-109.0981,36.3797],[-109.101,36.3834],[-109.103,36.3895],[-109.1003,36.394],[-109.0994,36.399],[-109.0971,36.402],[-109.0949,36.4025],[-109.0962,36.4045],[-109.0937,36.4091],[-109.0936,36.4167],[-109.0966,36.4225],[-109.0948,36.4269],[-109.0956,36.4302],[-109.093,36.4333],[-109.0948,36.4425],[-109.0935,36.4521],[-109.1001,36.4575],[-109.1001,36.4594],[-109.0906,36.4561],[-109.0847,36.4423],[-109.0799,36.4413],[-109.0781,36.439],[-109.0865,36.4237],[-109.0768,36.4164],[-109.0761,36.4147],[-109.069,36.4155],[-109.066,36.4138],[-109.06,36.4133],[-109.059,36.411],[-109.0598,36.407],[-109.0627,36.3999],[-109.0551,36.3969],[-109.0622,36.3943],[-109.0646,36.3893],[-109.0628,36.3838],[-109.0643,36.379],[-109.072,36.3737],[-109.0749,36.3702],[-109.076,36.3655],[-109.0726,36.361],[-109.0585,36.3597],[-109.0553,36.3571],[-109.0497,36.3571],[-109.0501,36.3532],[-109.0485,36.3506],[-109.0467,36.3488],[-109.0431,36.3485],[-109.0432,36.343],[-109.0466,36.338],[-109.0445,36.3372],[-109.0448,36.3282],[-109.0546,36.3198],[-109.0632,36.318],[-109.0649,36.3115],[-109.0575,36.3137],[-109.0519,36.3118],[-109.0485,36.3132],[-109.0433,36.3115],[-109.0372,36.3115],[-109.0352,36.3132],[-109.0342,36.3162],[-109.0296,36.3175],[-109.0279,36.3194],[-109.0224,36.3183],[-109.0214,36.3217],[-109.0095,36.3289],[-109.0027,36.3279],[-109.0013,36.3235],[-108.9944,36.3245],[-108.9867,36.32],[-108.9791,36.3203],[-108.9789,36.308],[-108.9823,36.307],[-108.9837,36.3027],[-108.9743,36.2978],[-108.9705,36.2928],[-108.9962,36.2634],[-109.0096,36.2616]]]}},{"type":"Feature","properties":{"chapter":"Beclahbito","agency":"Shiprock"},"geometry":{"type":"Polygon","coordinates":[[[-109.1238,36.8054],[-109.1263,36.8073],[-109.1248,36.8093],[-109.1237,36.8081],[-109.1238,36.8054]]]}},{"type":"Feature","properties":{"chapter":"Red Valley","agency":"Shiprock"},"geometry":{"type":"MultiPolygon","coordinates":[[[[-109.0918,36.4569],[-109.0983,36.4588],[-109.1021,36.4604],[-109.0936,36.4604],[-109.0918,36.4569]]],[[[-109.2724,36.583],[-109.2685,36.5834],[-109.2676,36.5825],[-109.2728,36.5808],[-109.2724,36.583]]],[[[-109.2764,36.6041],[-109.2784,36.6092],[-109.2823,36.6092],[-109.2802,36.6118],[-109.2811,36.613],[-109.2856,36.6134],[-109.2885,36.6123],[-109.2892,36.6143],[-109.2966,36.6175],[-109.2979,36.6195],[-109.2964,36.6219],[-109.2982,36.6247],[-109.2954,36.6246],[-109.2896,36.6187],[-109.2874,36.6198],[-109.2855,36.6184],[-109.284,36.6196],[-109.2802,36.6169],[-109.2769,36.6184],[-109.2772,36.6202],[-109.2808,36.6238],[-109.2751,36.6274],[-109.2726,36.6309],[-109.2725,36.6345],[-109.2742,36.636],[-109.2737,36.6433],[-109.2775,36.6477],[-109.2816,36.6493],[-109.2793,36.6575],[-109.2899,36.6593],[-109.2914,36.6651],[-109.2892,36.6687],[-109.2809,36.6665],[-109.2801,36.6678],[-109.2849,36.6736],[-109.269,36.6709],[-109.2652,36.6707],[-109.2627,36.6723],[-109.2571,36.6712],[-109.2537,36.6766],[-109.2562,36.6806],[-109.2557,36.6829],[-109.2498,36.6894],[-109.2465,36.6917],[-109.2452,36.6967],[-109.2425,36.6938],[-109.2497,36.6892],[-109.255,36.6829],[-109.2531,36.6763],[-109.2582,36.6691],[-109.2593,36.6628],[-109.2644,36.6562],[-109.2682,36.6558],[-109.2742,36.6477],[-109.2725,36.6447],[-109.2735,36.6359],[-109.2726,36.6349],[-109.2717,36.6326],[-109.2671,36.6317],[-109.2684,36.6247],[-109.2714,36.62],[-109.2711,36.6173],[-109.2754,36.6119],[-109.2736,36.6043],[-109.2764,36.6041]]],[[[-109.2237,36.7418],[-109.2165,36.7443],[-109.2101,36.7483],[-109.2062,36.7611],[-109.2042,36.7625],[-109.2079,36.765],[-109.2066,36.7661],[-109.2032,36.7625],[-109.2052,36.759],[-109.2045,36.7565],[-109.2079,36.7517],[-109.2074,36.7484],[-109.2131,36.7453],[-109.2157,36.7414],[-109.2228,36.738],[-109.2254,36.735],[-109.2237,36.7418]]],[[[-109.1853,36.7806],[-109.1851,36.7789],[-109.1854,36.7764],[-109.1862,36.7766],[-109.1853,36.7806]]],[[[-109.1796,36.7887],[-109.1807,36.7866],[-109.1829,36.7848],[-109.1808,36.7878],[-109.1796,36.7887]]],[[[-109.1748,36.7928],[-109.1764,36.7911],[-109.1786,36.79],[-109.1763,36.7929],[-109.1748,36.7928]]],[[[-109.1332,36.7969],[-109.1263,36.8073],[-109.1238,36.8054],[-109.1291,36.7986],[-109.1332,36.7969]]]]}},{"type":"Feature","properties":{"chapter":"Lukachukai","agency":"Chinle"},"geometry":{"type":"Polygon","coordinates":[[[-109.2509,36.3612],[-109.2496,36.3631],[-109.2498,36.3668],[-109.252,36.3706],[-109.2557,36.373],[-109.2623,36.3744],[-109.2834,36.3741],[-109.2902,36.3735],[-109.2946,36.3718],[-109.2965,36.3743],[-109.3012,36.3727],[-109.309,36.375],[-109.3113,36.3746],[-109.3136,36.3708],[-109.3162,36.3694],[-109.3196,36.3715],[-109.326,36.3725],[-109.327,36.3762],[-109.3327,36.378],[-109.3327,36.3821],[-109.3308,36.3847],[-109.3347,36.3896],[-109.3447,36.3952],[-109.3503,36.3944],[-109.3518,36.3979],[-109.3549,36.3986],[-109.3597,36.4038],[-109.3651,36.4043],[-109.3662,36.4072],[-109.3713,36.4072],[-109.3818,36.4171],[-109.39,36.4212],[-109.3904,36.4228],[-109.3943,36.4252],[-109.3953,36.4264],[-109.3946,36.429],[-109.3984,36.4317],[-109.3995,36.4356],[-109.3987,36.4387],[-109.402,36.4408],[-109.3944,36.447],[-109.3948,36.4577],[-109.3981,36.4633],[-109.3983,36.4669],[-109.3956,36.4729],[-109.395,36.4794],[-109.3839,36.5009],[-109.3719,36.5081],[-109.353,36.5111],[-109.3348,36.5188],[-109.3253,36.5282],[-109.3168,36.5318],[-109.3137,36.5353],[-109.3058,36.5398],[-109.3015,36.5408],[-109.2985,36.5392],[-109.2984,36.5376],[-109.3056,36.5359],[-109.3088,36.5327],[-109.3077,36.5314],[-109.3011,36.5329],[-109.2991,36.5311],[-109.2965,36.5314],[-109.2922,36.5369],[-109.291,36.5439],[-109.2888,36.5438],[-109.2809,36.5402],[-109.279,36.5374],[-109.2788,36.5271],[-109.2689,36.5156],[-109.2636,36.5132],[-109.261,36.5068],[-109.259,36.5066],[-109.2573,36.508],[-109.2503,36.5076],[-109.2427,36.5021],[-109.2301,36.4968],[-109.2177,36.4959],[-109.2074,36.5015],[-109.2031,36.5019],[-109.2017,36.4964],[-109.1996,36.495],[-109.1881,36.4958],[-109.1818,36.4934],[-109.1763,36.4939],[-109.1744,36.4921],[-109.1748,36.4898],[-109.1725,36.4858],[-109.174,36.4813],[-109.1735,36.4791],[-109.17,36.4775],[-109.1653,36.4782],[-109.1553,36.4685],[-109.1457,36.4613],[-109.1382,36.4606],[-109.1325,36.4652],[-109.1245,36.4656],[-109.1194,36.4682],[-109.1149,36.4658],[-109.1115,36.4609],[-109.1091,36.4616],[-109.1021,36.4604],[-109.1001,36.4594],[-109.0991,36.4566],[-109.0938,36.4533],[-109.0948,36.4425],[-109.093,36.4333],[-109.0956,36.4302],[-109.0948,36.4269],[-109.0966,36.4225],[-109.0936,36.4167],[-109.0937,36.4091],[-109.0962,36.4045],[-109.0949,36.4025],[-109.0971,36.402],[-109.0994,36.399],[-109.1003,36.394],[-109.103,36.3895],[-109.101,36.3834],[-109.0981,36.3797],[-109.0979,36.373],[-109.0914,36.3587],[-109.0928,36.3561],[-109.0929,36.344],[-109.0896,36.3374],[-109.0863,36.3346],[-109.081,36.3264],[-109.0859,36.3312],[-109.0895,36.3321],[-109.1064,36.3312],[-109.1194,36.3337],[-109.1247,36.3364],[-109.1296,36.3364],[-109.1324,36.3361],[-109.1382,36.3316],[-109.1378,36.3268],[-109.139,36.3244],[-109.1434,36.3229],[-109.1453,36.3236],[-109.1447,36.3259],[-109.1462,36.3271],[-109.1446,36.3312],[-109.1453,36.3357],[-109.1513,36.3407],[-109.1564,36.3408],[-109.1617,36.3376],[-109.1628,36.3352],[-109.1622,36.3329],[-109.1642,36.3309],[-109.1661,36.3316],[-109.1679,36.3355],[-109.1818,36.333],[-109.1857,36.3342],[-109.1895,36.3334],[-109.215,36.3393],[-109.2249,36.3406],[-109.2352,36.3404],[-109.2381,36.3413],[-109.2509,36.3612]]]}},{"type":"Feature","properties":{"chapter":"Cove","agency":"Shiprock"},"geometry":{"type":"MultiPolygon","coordinates":[[[[-109.1149,36.4658],[-109.1184,36.4674],[-109.1194,36.4682],[-109.1159,36.4682],[-109.1149,36.4658]]],[[[-109.1457,36.4613],[-109.1553,36.4685],[-109.1653,36.4782],[-109.1594,36.4801],[-109.1541,36.4742],[-109.1513,36.4673],[-109.1451,36.466],[-109.1419,36.4679],[-109.1385,36.4681],[-109.1338,36.4649],[-109.1325,36.4652],[-109.1382,36.4606],[-109.1457,36.4613]]],[[[-109.1735,36.487],[-109.1725,36.487],[-109.1725,36.4858],[-109.1735,36.487]]],[[[-109.2017,36.4964],[-109.2031,36.5019],[-109.1997,36.5025],[-109.199,36.4983],[-109.1881,36.4958],[-109.1996,36.495],[-109.2017,36.4964]]],[[[-109.2474,36.505],[-109.2482,36.5068],[-109.2529,36.5083],[-109.261,36.5068],[-109.2636,36.5132],[-109.269,36.5157],[-109.2636,36.5136],[-109.2612,36.5102],[-109.2582,36.5106],[-109.2507,36.5082],[-109.2474,36.5092],[-109.2466,36.5067],[-109.2423,36.5022],[-109.2391,36.5021],[-109.236,36.4997],[-109.2427,36.5021],[-109.2474,36.505]]],[[[-109.2693,36.5162],[-109.2747,36.5215],[-109.2788,36.5271],[-109.279,36.5374],[-109.2809,36.5402],[-109.291,36.5439],[-109.2875,36.5493],[-109.2855,36.5441],[-109.2775,36.5392],[-109.2759,36.5324],[-109.2766,36.5307],[-109.2748,36.5288],[-109.275,36.5231],[-109.272,36.5207],[-109.2693,36.5162]]]]}},{"type":"Feature","properties":{"chapter":"Gadiahi","agency":"Shiprock"},"geometry":{"type":"Polygon","coordinates":[[[-108.9731,36.972],[-108.9796,36.9735],[-108.9843,36.98],[-108.984,36.9818],[-108.9856,36.983],[-108.9819,36.9892],[-108.9825,36.9948],[-108.9848,36.9961],[-109.0024,36.999],[-108.9737,36.9989],[-108.9726,36.9955],[-108.9757,36.9924],[-108.9784,36.9916],[-108.9783,36.9849],[-108.9805,36.9829],[-108.9787,36.9779],[-108.9731,36.972]]]}},{"type":"Feature","properties":{"chapter":"Two Grey Hills","agency":"Shiprock"},"geometry":{"type":"MultiPolygon","coordinates":[[[[-108.9609,36.1363],[-108.9627,36.1391],[-108.9668,36.1407],[-108.9724,36.1425],[-108.9744,36.1414],[-108.9765,36.1423],[-108.9754,36.145],[-108.963,36.1494],[-108.9606,36.1459],[-108.9572,36.1441],[-108.956,36.1395],[-108.9573,36.1371],[-108.9609,36.1363]]],[[[-108.9519,36.1557],[-108.9573,36.156],[-108.9588,36.1551],[-108.9583,36.1584],[-108.9656,36.1584],[-108.9669,36.1602],[-108.9611,36.1665],[-108.9599,36.1815],[-108.961,36.1929],[-108.9604,36.1952],[-108.9573,36.1974],[-108.9588,36.1988],[-108.9567,36.2026],[-108.9603,36.2022],[-108.9647,36.1982],[-108.9672,36.1977],[-108.9688,36.1986],[-108.969,36.2006],[-108.9642,36.2066],[-108.9662,36.2078],[-108.9712,36.2065],[-108.9752,36.2022],[-108.9783,36.2019],[-108.9791,36.2075],[-108.9808,36.2081],[-108.9902,36.2047],[-108.9908,36.2069],[-108.9877,36.2109],[-108.9818,36.215],[-108.9802,36.2198],[-108.981,36.2223],[-108.9833,36.2241],[-108.9965,36.2278],[-108.9994,36.2306],[-109.0022,36.2402],[-109.0096,36.2548],[-109.0096,36.2616],[-108.9962,36.2634],[-108.9705,36.2928],[-108.9689,36.2903],[-108.9654,36.291],[-108.963,36.2878],[-108.9605,36.2874],[-108.9565,36.2839],[-108.9555,36.2786],[-108.9558,36.2764],[-108.9584,36.275],[-108.9581,36.2734],[-108.961,36.2695],[-108.9604,36.2653],[-108.9631,36.2644],[-108.9643,36.262],[-108.9686,36.2613],[-108.9682,36.2573],[-108.9718,36.2558],[-108.9719,36.2512],[-108.969,36.2512],[-108.9633,36.2542],[-108.9594,36.2533],[-108.9529,36.255],[-108.952,36.2499],[-108.9533,36.2479],[-108.9515,36.2467],[-108.9498,36.2412],[-108.946,36.2405],[-108.9489,36.2366],[-108.9502,36.2325],[-108.9457,36.231],[-108.9423,36.2337],[-108.9383,36.2318],[-108.9353,36.2276],[-108.937,36.2241],[-108.947,36.2218],[-108.9505,36.2201],[-108.951,36.2187],[-108.9502,36.2173],[-108.9436,36.2155],[-108.9431,36.2101],[-108.9402,36.2063],[-108.9434,36.1992],[-108.9404,36.1925],[-108.9429,36.1892],[-108.9469,36.1877],[-108.9447,36.181],[-108.9473,36.175],[-108.946,36.1728],[-108.9461,36.1684],[-108.9479,36.1656],[-108.9476,36.1619],[-108.9505,36.16],[-108.9519,36.1557]]]]}},{"type":"Feature","properties":{"chapter":"Sheep Springs","agency":"Shiprock"},"geometry":{"type":"MultiPolygon","coordinates":[[[[-108.8702,36.0825],[-108.8724,36.0864],[-108.8724,36.0906],[-108.8752,36.0956],[-108.8784,36.0947],[-108.8819,36.0888],[-108.8836,36.0881],[-108.9012,36.0901],[-108.9054,36.0937],[-108.9058,36.0966],[-108.903,36.1049],[-108.9043,36.1077],[-108.9089,36.1095],[-108.9109,36.108],[-108.9098,36.1112],[-108.9026,36.1159],[-108.8984,36.1137],[-108.8925,36.1157],[-108.8896,36.1151],[-108.8862,36.1101],[-108.8767,36.1124],[-108.8666,36.1093],[-108.865,36.1077],[-108.8657,36.1043],[-108.8708,36.0939],[-108.8597,36.0899],[-108.8533,36.0859],[-108.8579,36.081],[-108.8614,36.0799],[-108.8664,36.0796],[-108.8702,36.0825]]],[[[-108.9369,36.0981],[-108.9435,36.1002],[-108.9424,36.1013],[-108.9415,36.1001],[-108.9387,36.1004],[-108.9336,36.0987],[-108.9277,36.1016],[-108.9252,36.1006],[-108.9271,36.1003],[-108.9283,36.0969],[-108.9332,36.0951],[-108.9368,36.0962],[-108.9369,36.0981]]],[[[-108.922,36.0997],[-108.9197,36.1022],[-108.9165,36.1031],[-108.915,36.1056],[-108.9114,36.1076],[-108.9152,36.0986],[-108.9181,36.0957],[-108.9211,36.0957],[-108.922,36.0997]]],[[[-108.952,36.1169],[-108.9503,36.1218],[-108.947,36.1257],[-108.9426,36.1281],[-108.9425,36.1295],[-108.9395,36.1297],[-108.9362,36.1151],[-108.9368,36.1166],[-108.9403,36.1169],[-108.954,36.1136],[-108.9544,36.1157],[-108.952,36.1169]]],[[[-108.952,36.136],[-108.95,36.1324],[-108.9479,36.132],[-108.9523,36.132],[-108.954,36.1339],[-108.952,36.136]]]]}},{"type":"Feature","properties":{"chapter":"Naschitti","agency":"Fort Defiance"},"geometry":{"type":"MultiPolygon","coordinates":[[[[-108.9317,36.0037],[-108.9315,36.0037],[-108.9318,36.0036],[-108.9317,36.0037]]],[[[-108.9287,36.0032],[-108.9296,36.0044],[-108.9228,36.009],[-108.9199,36.0128],[-108.9173,36.0208],[-108.9155,36.0228],[-108.9078,36.0255],[-108.9044,36.0282],[-108.9044,36.0301],[-108.9029,36.0293],[-108.9031,36.0271],[-108.9078,36.0232],[-108.9089,36.0189],[-108.912,36.0192],[-108.9172,36.0149],[-108.9199,36.0065],[-108.9221,36.0059],[-108.9247,36.0027],[-108.9287,36.0032]]],[[[-108.9063,36.0346],[-108.9051,36.0442],[-108.9013,36.0578],[-108.9015,36.0643],[-108.898,36.0694],[-108.8886,36.0749],[-108.8702,36.0825],[-108.8664,36.0796],[-108.8579,36.081],[-108.8561,36.0829],[-108.8595,36.0764],[-108.855,36.0721],[-108.8576,36.0627],[-108.8617,36.0609],[-108.8652,36.0615],[-108.8646,36.0634],[-108.8656,36.0651],[-108.873,36.0639],[-108.8759,36.0654],[-108.8817,36.064],[-108.884,36.0663],[-108.8928,36.0656],[-108.8953,36.0635],[-108.8922,36.0588],[-108.8927,36.0523],[-108.8952,36.0512],[-108.8954,36.0479],[-108.8977,36.0474],[-108.9028,36.0431],[-108.9023,36.039],[-108.9048,36.0319],[-108.9063,36.0346]]]]}},{"type":"Feature","properties":{"chapter":"Mexican Springs","agency":"Fort Defiance"},"geometry":{"type":"MultiPolygon","coordinates":[[[[-108.9336,35.9993],[-108.9348,35.9994],[-108.9333,36.0014],[-108.9336,35.9993]]],[[[-108.9251,36.0025],[-108.9283,36.0027],[-108.9247,36.0027],[-108.9251,36.0025]]]]}}]}